fixed acidity;volatile acidity;citric acid;residual sugar;chlorides;free sulfur dioxide;total sulfur dioxide;density;pH;sulphates;alcohol;quality
8.5;0.6;0.35;2.3;0.173;7.9;35.9;0.99;3.24;0.76;10.1;5
5.7;0.46;0.28;1.5;0.068;7.3;25.6;0.99;3.23;0.58;11.2;7
9.4;0.38;0.49;4.4;0.094;25.8;75.0;0.99;3.33;0.77;10.9;6
8.5;0.41;0.24;1.3;0.012;15.0;64.6;0.99;3.23;0.84;11.2;6
9.2;0.48;0.26;1.3;0.084;18.9;59.5;0.99;3.36;0.81;10.4;5
6.4;0.51;0.38;4.1;0.098;12.7;39.9;0.99;3.48;0.7;11.0;5
8.7;0.6;0.31;1.6;0.083;25.3;111.7;0.9918;3.41;0.54;10.5;5
10.5;0.44;0.09;1.9;0.061;9.5;26.2;0.99;3.44;0.81;12.4;7
6.8;0.52;0.28;2.6;0.043;14.5;58.2;0.99;3.47;0.61;12.2;6
6.8;0.62;0.37;2.5;0.14;24.1;90.0;0.99;3.35;0.67;11.5;6
9.5;0.69;0.09;4.1;0.088;28.1;102.3;0.99;3.29;0.64;11.0;4
6.7;0.4;0.39;3.4;0.159;10.4;39.2;0.99;3.19;0.67;13.5;7
7.9;0.36;0.32;3.6;0.062;36.4;131.2;0.99;3.25;0.59;10.5;6
10.8;0.48;0.37;4.1;0.067;19.1;69.6;0.99;3.23;0.7;10.0;5
6.8;0.52;0.18;1.9;0.125;5.0;17.0;0.99;3.42;0.84;11.6;5
10.9;0.63;0.35;2.0;0.012;19.7;84.1;0.99;3.36;0.77;12.6;5
7.7;0.55;0.27;2.4;0.03;11.9;28.5;0.99;3.41;0.72;10.8;5
6.4;0.41;0.46;1.9;0.139;20.4;81.6;0.99;3.14;0.8;12.8;6
9.3;0.48;0.53;11.5;0.032;15.4;62.1;0.99;3.52;0.71;11.1;5
8.5;0.54;0.4;5.2;0.012;16.6;65.1;0.99;3.25;0.69;10.5;5
8.3;0.57;0.33;1.4;0.175;6.3;33.2;0.99;3.14;0.79;10.6;6
7.0;0.71;0.48;1.0;0.021;26.2;90.8;0.99;3.24;0.51;11.5;5
8.5;0.53;0.31;1.1;0.096;3.8;6.0;0.99;3.68;0.67;10.3;5
4.8;0.55;0.16;1.7;0.09;4.3;14.3;0.99;3.25;0.64;11.1;5
8.7;0.43;0.25;1.3;0.012;19.7;59.0;0.99;3.26;0.66;12.3;5
10.5;0.67;0.36;2.9;0.074;32.6;106.8;0.99;3.28;0.65;11.2;6
5.3;0.41;0.33;5.9;0.108;12.2;30.3;0.99;3.29;0.7;12.1;5
7.6;0.6;0.17;4.3;0.104;23.2;76.4;0.99;3.19;0.62;10.4;6
6.8;0.44;0.17;1.6;0.129;27.1;88.9;0.99;3.33;0.65;11.0;6
5.7;0.49;0.22;2.3;0.069;24.4;61.6;0.99;3.47;0.58;9.9;5
4.8;0.37;0.33;2.8;0.12;12.6;51.1;0.99;3.36;0.79;11.5;6
6.3;0.79;0.32;5.2;0.055;4.5;38.0;0.99;3.14;0.65;11.6;5
7.9;0.57;0.26;5.6;0.021;1.0;9.6;0.99;3.26;0.6;11.1;5
10.3;0.41;0.23;7.0;0.026;13.1;43.8;0.99;3.23;0.71;12.8;7
5.7;0.5;0.48;2.8;0.018;28.2;98.2;0.99;3.32;0.75;11.2;7
8.8;0.41;0.17;4.0;0.134;4.1;10.1;0.99;3.51;0.86;11.6;6
8.7;0.55;0.38;1.3;0.016;23.2;82.1;0.99;3.29;0.53;10.6;5
11.1;0.56;0.32;3.1;0.1;5.9;20.3;0.99;3.3;0.72;11.3;5
9.3;0.43;0.41;1.7;0.075;17.0;51.1;0.99;3.58;0.75;11.8;6
9.4;0.67;0.21;2.4;0.082;23.3;98.4;0.99;3.44;0.56;11.5;5
9.5;0.53;0.24;3.5;0.151;9.0;16.6;0.99;3.4;0.8;10.1;5
6.7;0.32;0.29;1.7;0.066;17.7;69.1;0.99;3.6;0.75;10.7;6
7.3;0.59;0.17;1.1;0.116;11.5;39.2;0.99;3.38;0.55;10.0;4
10.2;0.43;0.33;1.0;0.089;23.2;100.2;0.99;3.01;0.56;11.6;7
4.8;0.46;0.41;1.1;0.08;18.3;67.5;0.99;3.43;0.67;11.1;5
7.1;0.4;0.15;1.0;0.195;16.5;54.2;0.99;3.07;0.7;12.0;6
6.0;0.5;0.18;1.3;0.019;32.2;110.2;0.99;3.38;0.55;10.3;5
8.7;0.6;0.2;1.7;0.148;22.8;80.2;0.99;3.05;0.6;10.1;6
7.6;0.43;0.27;1.6;0.118;8.6;18.7;0.99;3.24;0.79;13.1;6
9.4;0.69;0.24;11.8;0.064;15.0;44.8;0.99;3.26;0.45;10.1;5
8.1;0.35;0.39;1.9;0.164;15.1;35.0;0.99;3.19;0.78;12.5;7
5.7;0.51;0.28;1.3;0.012;16.7;49.2;0.99;3.26;0.68;11.4;6
5.8;0.37;0.34;3.0;0.062;42.3;149.0;0.99;3.46;0.8;12.0;7
8.3;0.49;0.35;5.9;0.03;19.7;72.0;0.99;3.2;0.72;11.8;7
7.0;0.37;0.3;3.8;0.106;1.0;6.0;0.99;3.39;0.73;11.1;6
7.4;0.48;0.38;1.9;0.035;10.2;34.3;0.99;3.17;0.68;12.2;7
9.9;0.56;0.24;3.1;0.107;1.0;9.1;0.99;3.28;0.65;10.6;5
9.6;0.49;0.41;4.1;0.078;12.4;41.8;0.99;3.36;0.7;11.9;5
11.4;0.53;0.5;4.3;0.064;1.0;6.0;0.99;3.16;0.67;11.5;5
7.8;0.7;0.32;3.7;0.105;6.8;19.7;0.99;3.11;0.69;11.5;5
7.2;0.56;0.27;6.1;0.074;1.0;6.0;0.99;3.38;0.56;10.6;5
9.0;0.48;0.31;6.1;0.036;19.9;63.3;0.99;3.48;0.59;10.8;5
7.3;0.36;0.17;3.2;0.219;15.9;57.4;0.99;3.3;0.64;10.4;6
7.4;0.6;0.27;2.4;0.064;19.0;89.6;0.99;3.24;0.62;10.7;5
8.0;0.57;0.18;3.6;0.012;14.8;44.4;0.99;3.33;0.79;10.2;5
11.1;0.55;0.33;5.3;0.047;1.3;6.0;0.99;3.32;0.66;12.5;6
9.5;0.4;0.18;1.0;0.027;21.2;73.7;0.99;3.35;0.54;11.0;5
9.7;0.36;0.25;13.1;0.126;36.0;119.1;0.99;2.93;0.75;11.5;6
11.0;0.66;0.06;1.5;0.102;20.2;81.7;0.99;3.15;0.78;10.8;5
9.8;0.44;0.19;2.6;0.106;11.4;16.2;0.99;3.18;0.62;12.0;7
6.4;0.53;0.32;6.1;0.07;1.0;6.0;0.99;3.33;0.9;13.4;6
9.8;0.45;0.16;1.6;0.074;6.4;30.6;0.99;3.34;0.69;10.8;5
10.0;0.59;0.3;2.6;0.07;20.6;69.2;0.99;3.41;0.65;9.7;3
9.4;0.58;0.18;1.4;0.083;27.1;86.6;0.99;3.35;0.85;11.8;6
8.0;0.58;0.33;2.3;0.126;18.6;69.5;0.99;3.11;0.8;9.4;6
9.2;0.37;0.2;1.5;0.103;24.2;93.8;0.99;3.53;0.69;11.5;6
8.3;0.35;0.32;2.1;0.111;23.3;83.7;0.99;3.5;0.82;11.1;6
6.6;0.54;0.1;2.2;0.11;21.2;66.2;0.99;3.12;0.68;10.2;5
7.1;0.47;0.2;13.5;0.129;9.0;36.1;0.99;3.36;0.76;11.4;5
9.5;0.47;0.17;14.2;0.101;17.7;57.9;0.99;3.22;0.77;11.0;5
6.8;0.35;0.37;1.3;0.104;7.0;32.0;0.9903;3.33;0.59;10.0;6
6.9;0.43;0.33;4.2;0.143;16.1;71.2;0.99;3.47;0.78;10.9;6
9.6;0.43;0.13;1.1;0.056;19.3;41.5;0.99;3.63;0.63;8.7;5
8.5;0.44;0.23;1.1;0.047;33.4;118.0;0.99;3.42;0.66;11.2;5
9.3;0.58;0.17;1.3;0.031;2.2;6.0;0.99;3.35;0.66;11.2;5
6.2;0.54;0.35;9.4;0.096;20.9;97.6;0.99;3.26;0.66;10.4;5
9.2;0.53;0.41;8.1;0.012;31.4;105.2;0.99;3.34;0.85;11.8;6
7.2;0.32;0.14;1.5;0.109;23.8;90.8;0.9903;3.51;0.56;10.4;6
6.6;0.41;0.39;1.4;0.082;24.6;85.7;0.99;3.3;0.58;11.0;7
7.4;0.69;0.2;1.7;0.14;22.0;69.0;0.99;3.18;0.51;11.7;6
10.6;0.51;0.22;2.8;0.055;29.5;94.0;0.99;3.07;0.76;10.4;5
7.7;0.56;0.28;3.1;0.077;4.5;31.6;0.99;3.39;0.62;11.3;6
12.0;0.56;0.46;1.6;0.14;1.4;14.5;0.99;3.35;0.71;10.9;6
4.8;0.57;0.18;4.5;0.152;15.8;74.7;0.99;3.21;0.69;11.1;6
5.7;0.5;0.36;1.9;0.055;1.0;6.0;0.99;3.46;0.61;11.1;6
10.6;0.54;0.16;7.4;0.096;28.7;103.3;0.99;3.25;0.79;10.8;6
11.0;0.55;0.16;3.7;0.101;28.6;97.4;0.99;3.29;0.69;11.6;6
6.8;0.61;0.25;2.4;0.105;11.3;36.7;0.99;3.31;0.63;10.5;5
8.4;0.51;0.22;4.9;0.075;12.0;31.6;0.99;3.26;0.62;10.6;4
9.5;0.38;0.0;5.3;0.147;15.1;53.7;0.99;3.35;0.72;10.4;5
7.9;0.46;0.34;1.9;0.012;16.4;49.5;0.99;3.48;0.5;9.4;4
8.6;0.45;0.07;2.0;0.067;17.2;64.6;0.99;3.14;0.79;12.1;6
8.3;0.61;0.24;7.9;0.108;21.7;77.7;0.99;3.38;0.79;11.4;5
5.8;0.37;0.41;1.5;0.108;14.1;52.2;0.99;3.34;0.56;13.2;6
7.7;0.5;0.53;1.1;0.151;25.7;106.7;0.99;3.33;0.78;11.0;7
8.3;0.5;0.21;2.5;0.143;20.5;71.4;0.99;3.44;0.62;10.8;5
8.5;0.5;0.11;5.0;0.074;9.5;40.8;0.99;3.32;0.72;10.9;5
5.4;0.4;0.41;4.7;0.148;29.8;124.8;0.99;3.38;0.58;12.2;6
9.6;0.36;0.34;7.3;0.053;1.7;19.0;0.99;3.42;0.81;10.6;5
8.5;0.57;0.2;2.9;0.131;14.9;63.7;0.99;3.23;0.49;10.1;5
6.5;0.72;0.19;1.3;0.172;26.0;87.9;0.99;3.35;0.63;12.0;5
11.4;0.54;0.18;3.2;0.144;8.3;31.3;0.99;3.27;0.69;10.7;5
7.7;0.22;0.28;4.8;0.092;19.1;53.7;0.99;3.29;0.68;12.5;7
7.8;0.56;0.31;1.2;0.071;21.6;80.6;0.99;3.26;0.62;12.0;6
9.4;0.32;0.22;1.5;0.015;6.9;26.9;0.99;3.38;0.72;11.4;6
11.5;0.29;0.27;1.0;0.102;15.1;53.1;0.99;3.32;0.76;11.7;7
9.5;0.46;0.34;3.3;0.035;14.2;60.0;0.99;3.37;0.7;11.1;6
9.7;0.56;0.1;6.4;0.05;10.1;23.3;0.99;3.31;0.74;11.0;5
6.6;0.31;0.27;3.8;0.031;39.9;156.0;0.99;3.07;0.71;12.5;7
8.4;0.45;0.11;11.0;0.065;7.9;36.7;0.99;3.31;0.73;10.8;6
7.4;0.55;0.29;1.2;0.086;26.4;91.7;0.99;3.32;0.65;11.5;6
9.5;0.5;0.12;6.8;0.1;11.8;39.8;0.99;3.35;0.67;10.9;7
9.7;0.68;0.34;5.2;0.059;4.5;20.6;0.99;3.22;0.62;10.2;5
11.1;0.74;0.12;1.9;0.137;16.9;74.4;0.99;3.13;0.6;11.0;5
4.6;0.63;0.07;10.1;0.077;22.7;80.5;0.99;3.4;0.61;9.4;5
7.2;0.53;0.21;1.8;0.05;25.5;90.7;0.99;3.27;0.77;12.6;5
10.5;0.57;0.45;6.5;0.098;32.2;112.9;0.99;3.34;0.67;10.4;6
5.9;0.53;0.35;6.3;0.179;46.7;181.3;0.99;3.27;0.63;11.4;6
9.7;0.67;0.03;4.5;0.103;18.5;61.1;0.99;3.31;0.6;11.5;4
10.2;0.5;0.15;3.1;0.07;8.9;30.9;0.99;3.24;0.71;10.7;6
8.3;0.46;0.21;1.3;0.015;20.6;86.7;0.99;3.16;0.53;9.2;5
5.9;0.45;0.47;2.9;0.077;13.1;47.3;0.99;3.38;0.62;10.6;5
8.1;0.54;0.16;2.1;0.098;25.6;101.0;0.99;3.22;0.62;10.3;5
10.8;0.56;0.16;4.9;0.069;2.3;6.0;0.99;3.33;0.63;9.2;5
10.9;0.34;0.46;4.5;0.012;40.6;140.0;0.99;3.37;0.82;12.0;7
8.7;0.59;0.27;7.0;0.047;24.8;101.6;0.99;3.22;0.66;11.2;5
6.6;0.69;0.39;1.0;0.155;1.0;6.0;0.99;3.13;0.82;12.3;6
11.3;0.31;0.21;5.1;0.154;8.5;28.2;0.99;3.67;0.7;10.5;6
9.7;0.61;0.24;8.0;0.045;24.4;88.0;0.99;3.23;0.83;9.7;5
6.8;0.4;0.44;4.9;0.119;28.2;88.8;0.99;3.4;0.7;11.5;7
8.9;0.46;0.3;1.3;0.032;2.6;6.0;0.99;3.6;0.67;11.7;7
8.8;0.51;0.36;1.2;0.153;23.3;82.7;0.99;3.43;0.7;11.7;5
7.2;0.47;0.32;1.1;0.099;1.0;6.0;0.99;3.26;0.84;12.5;6
8.9;0.56;0.15;3.5;0.132;14.9;65.0;0.99;3.3;0.51;12.0;5
10.2;0.52;0.25;3.5;0.012;27.5;111.7;0.99;3.19;0.63;11.2;5
7.8;0.47;0.32;11.8;0.119;10.1;26.8;0.99;3.44;0.54;11.2;4
10.4;0.46;0.35;2.3;0.087;1.0;6.0;0.99;3.39;0.71;10.9;6
5.3;0.34;0.28;2.0;0.127;17.4;67.6;0.99;3.23;0.7;11.5;6
12.1;0.62;0.06;3.4;0.13;9.5;48.4;0.99;3.15;0.78;10.0;5
8.4;0.36;0.07;5.4;0.09;22.5;85.9;0.99;3.11;0.64;11.1;5
10.1;0.51;0.15;7.9;0.059;6.6;26.0;0.99;3.46;0.89;11.9;7
8.7;0.59;0.2;5.1;0.124;7.8;34.0;0.99;3.33;0.62;12.4;5
6.9;0.59;0.21;2.4;0.084;1.0;10.2;0.99;3.34;0.74;10.8;5
8.2;0.26;0.13;3.5;0.046;17.6;52.3;0.99;3.19;0.72;11.5;6
5.1;0.38;0.41;5.9;0.044;14.2;51.6;0.99;3.09;0.92;12.0;7
9.5;0.67;0.12;2.7;0.018;3.4;26.5;0.99;3.45;0.5;10.6;5
8.6;0.43;0.14;1.6;0.063;17.9;60.6;0.99;3.32;0.58;10.8;6
8.0;0.37;0.29;1.5;0.139;26.6;94.4;0.99;3.45;0.88;12.4;6
9.6;0.49;0.35;1.0;0.095;13.6;45.2;0.99;3.25;0.58;10.2;5
8.4;0.47;0.49;4.2;0.062;18.7;42.3;0.99;3.27;0.63;10.3;6
9.3;0.46;0.31;1.3;0.125;18.7;65.7;0.99;3.42;0.56;11.5;5
9.9;0.6;0.44;1.7;0.048;3.3;14.6;0.99;3.42;0.81;12.3;6
7.4;0.47;0.16;1.9;0.091;37.4;125.8;0.99;3.43;0.57;11.0;6
6.9;0.42;0.5;3.1;0.079;10.9;26.6;0.99;3.27;0.7;11.1;6
5.4;0.42;0.06;2.3;0.124;22.7;70.6;0.99;3.4;0.62;11.2;5
8.5;0.53;0.23;3.8;0.013;23.9;91.3;0.99;3.48;0.8;10.8;6
9.1;0.6;0.31;1.1;0.047;14.4;70.1;0.99;3.29;0.59;10.4;5
6.0;0.47;0.09;1.3;0.012;22.2;91.5;0.99;3.23;0.69;11.7;5
10.7;0.33;0.16;2.7;0.075;18.4;51.0;0.99;3.51;0.53;11.5;5
6.9;0.52;0.17;2.0;0.144;1.0;12.0;0.99;3.21;0.93;12.4;6
4.7;0.46;0.25;1.9;0.063;12.4;36.8;0.99;3.4;0.68;10.4;6
10.8;0.65;0.36;1.2;0.063;9.5;27.4;0.9925;3.3;0.6;10.2;4
4.9;0.68;0.28;6.7;0.128;11.0;33.9;0.99;3.03;0.87;11.6;6
9.9;0.55;0.2;3.9;0.137;2.2;14.8;0.99;3.48;0.59;10.3;5
9.5;0.43;0.0;1.3;0.083;27.7;106.5;0.99;2.9;0.87;11.9;6
8.8;0.44;0.3;1.2;0.119;32.6;113.1;0.99;3.01;0.61;12.0;5
7.4;0.45;0.36;10.2;0.036;26.1;90.5;0.99;3.39;0.77;10.9;6
9.2;0.57;0.08;3.9;0.152;29.2;106.8;0.99;3.39;0.59;11.0;5
10.1;0.42;0.3;2.4;0.188;12.3;48.7;0.99;3.21;0.61;13.0;7
6.6;0.72;0.27;4.0;0.111;9.2;44.0;0.99;3.33;0.69;12.4;5
10.0;0.6;0.35;4.5;0.012;7.7;14.1;0.99;2.93;0.71;11.6;5
9.9;0.54;0.18;4.8;0.061;22.6;79.3;0.99;3.42;0.52;11.5;5
8.8;0.34;0.22;2.6;0.116;18.2;53.0;0.99;3.35;0.72;11.1;7
7.4;0.44;0.26;2.4;0.067;15.1;52.3;0.99;3.3;0.87;12.1;7
9.9;0.46;0.38;1.0;0.147;29.4;100.6;0.99;3.31;0.71;11.4;5
9.2;0.5;0.38;7.5;0.115;20.1;69.9;0.99;3.38;0.66;11.2;6
6.6;0.53;0.28;3.3;0.054;7.1;16.9;0.99;3.31;0.64;10.9;6
7.7;0.46;0.38;1.6;0.089;8.7;15.6;0.99;3.03;0.89;10.4;6
9.7;0.42;0.04;7.3;0.045;23.0;59.6;0.99;3.64;0.56;10.0;6
8.5;0.33;0.33;7.2;0.078;26.8;92.5;0.99;3.49;0.64;9.4;5
10.1;0.66;0.14;12.3;0.061;21.6;71.3;0.99;3.12;0.5;11.5;5
7.7;0.45;0.49;6.2;0.142;35.7;118.2;0.99;3.26;0.88;11.9;7
6.6;0.45;0.2;15.5;0.186;33.0;128.7;0.99;3.27;0.75;11.4;7
12.0;0.32;0.19;1.7;0.02;20.5;63.2;0.99;3.47;0.72;11.1;6
5.4;0.69;0.31;5.6;0.012;7.1;39.0;0.99;2.99;0.93;11.2;5
7.5;0.5;0.32;5.3;0.075;2.2;23.9;0.99;3.24;0.59;10.9;5
8.8;0.45;0.24;1.7;0.016;11.8;21.8;0.99;3.05;0.87;10.3;6
10.0;0.3;0.35;1.3;0.089;23.7;83.9;0.99;3.27;0.71;12.5;7
9.4;0.23;0.36;10.7;0.122;35.0;118.5;0.99;3.24;0.73;12.0;7
12.2;0.6;0.32;1.9;0.157;20.2;41.6;0.99;3.32;0.96;11.6;6
8.1;0.61;0.24;6.1;0.096;28.1;83.9;0.99;3.22;0.68;12.1;6
6.8;0.53;0.3;1.0;0.078;13.3;54.3;0.99;3.2;0.51;10.3;5
7.9;0.48;0.39;1.1;0.012;22.4;98.6;0.99;3.4;0.68;12.0;5
7.8;0.37;0.19;2.6;0.088;24.5;94.8;0.99;3.38;0.73;11.7;7
8.2;0.45;0.2;1.7;0.09;1.0;6.7;0.99;3.39;0.74;12.1;6
6.6;0.5;0.22;3.9;0.117;11.5;40.0;0.99;3.28;0.59;11.2;4
9.6;0.52;0.14;3.1;0.054;25.8;107.1;0.99;3.22;0.87;10.2;5
8.9;0.5;0.1;1.2;0.067;18.7;86.9;0.99;3.29;0.76;11.8;6
6.2;0.79;0.3;1.4;0.018;3.4;6.0;0.99;3.39;0.44;10.5;3
9.9;0.55;0.03;2.2;0.012;1.0;6.0;0.99;2.98;0.66;11.0;5
6.9;0.32;0.24;1.5;0.035;12.0;21.0;0.99;3.37;0.62;11.3;6
6.3;0.52;0.36;4.9;0.013;15.1;66.1;0.99;3.36;0.68;11.3;6
8.4;0.45;0.31;2.3;0.103;6.6;22.6;0.99;3.32;0.61;12.1;6
5.3;0.69;0.21;1.2;0.063;17.4;62.7;0.99;3.29;0.86;11.5;5
9.3;0.62;0.17;2.7;0.062;21.2;56.3;0.99;2.93;0.63;11.4;6
4.6;0.7;0.28;1.2;0.041;22.9;72.6;0.99;3.24;0.72;9.8;5
6.6;0.49;0.15;1.3;0.012;1.0;6.0;0.99;3.58;0.62;11.4;5
11.0;0.68;0.31;1.7;0.158;2.1;9.4;0.99;3.31;0.58;12.0;6
7.1;0.52;0.29;5.9;0.04;12.7;40.5;0.99;3.26;0.72;13.2;6
7.4;0.64;0.3;7.5;0.068;21.9;66.3;0.99;3.31;0.74;12.3;6
10.5;0.43;0.22;5.4;0.019;21.0;65.7;0.99;3.36;0.76;9.9;6
7.0;0.45;0.48;2.0;0.133;20.8;84.9;0.99;3.41;0.44;11.5;6
9.6;0.58;0.29;1.8;0.094;11.9;44.1;0.99;3.28;0.53;12.4;5
10.3;0.57;0.22;3.0;0.048;12.4;49.5;0.99;3.37;0.75;11.5;5
9.1;0.68;0.28;4.2;0.069;8.3;20.1;0.99;3.56;0.56;11.3;5
5.8;0.53;0.17;13.5;0.166;23.9;54.1;0.99;3.46;0.67;11.7;5
7.3;0.53;0.27;1.4;0.084;6.2;16.5;0.99;3.66;0.62;11.3;7
12.9;0.62;0.49;1.1;0.078;24.8;78.1;0.99;3.21;0.72;11.4;5
7.5;0.39;0.23;4.0;0.043;18.0;66.5;0.99;3.56;0.84;11.6;7
13.4;0.55;0.27;5.5;0.012;15.4;86.8;0.99;3.19;0.77;11.4;6
11.2;0.43;0.23;5.7;0.079;9.0;38.5;0.99;3.36;0.8;12.1;6
9.2;0.72;0.18;3.8;0.102;1.7;33.3;0.99;3.42;0.86;10.7;6
8.8;0.21;0.32;8.7;0.139;9.1;37.5;0.99;3.23;0.58;12.4;6
7.5;0.55;0.28;2.8;0.012;12.4;37.1;0.99;3.32;0.62;11.1;6
8.1;0.37;0.34;7.1;0.034;1.0;7.0;0.99;3.45;0.74;11.2;5
7.1;0.46;0.36;9.6;0.06;13.8;66.1;0.99;3.2;0.81;10.3;6
8.2;0.54;0.34;5.7;0.087;25.5;107.5;0.99;3.56;0.58;11.6;5
6.0;0.77;0.13;1.9;0.08;21.8;70.5;0.99;3.1;0.53;11.8;4
5.9;0.41;0.34;1.5;0.081;10.7;40.0;0.99;3.6;0.63;11.0;6
10.5;0.68;0.32;3.0;0.106;16.4;43.1;0.99;3.46;0.49;10.1;5
5.6;0.29;0.21;2.5;0.045;10.1;43.6;0.99;3.3;0.62;12.0;7
9.8;0.54;0.28;6.3;0.131;17.4;76.4;0.99;3.25;0.63;13.0;7
5.1;0.36;0.16;1.3;0.107;32.0;112.4;0.99;3.23;0.72;10.6;7
9.4;0.56;0.32;1.7;0.072;26.0;84.3;0.99;3.29;0.68;10.1;5
7.9;0.59;0.29;4.5;0.162;21.3;78.2;0.99;3.3;0.64;10.2;4
10.5;0.54;0.45;1.2;0.16;10.7;41.6;0.99;3.5;0.7;11.1;7
7.7;0.66;0.23;2.0;0.131;23.7;83.8;0.99;3.61;0.6;10.3;5
4.9;0.45;0.36;2.2;0.012;1.0;6.0;0.99;3.34;0.76;10.1;7
8.0;0.29;0.41;3.4;0.161;13.2;44.5;0.99;3.18;0.6;12.3;7
8.6;0.41;0.2;1.4;0.124;22.0;87.0;0.99;3.23;0.8;11.7;6
8.1;0.45;0.16;5.9;0.181;23.6;90.0;0.99;3.28;0.78;9.6;5
9.3;0.33;0.18;2.5;0.145;22.9;70.3;0.99;3.16;0.59;12.2;5
7.3;0.61;0.25;7.2;0.161;19.0;56.4;0.99;3.13;0.66;12.7;6
6.2;0.52;0.16;2.6;0.128;13.8;45.8;0.99;3.62;0.77;10.4;5
6.6;0.52;0.18;1.8;0.15;21.5;82.6;0.99;3.36;0.64;11.9;5
7.4;0.63;0.37;1.4;0.181;5.9;22.1;0.99;3.19;0.76;10.9;6
7.4;0.36;0.3;1.0;0.097;7.0;18.1;0.99;3.43;0.74;11.9;7
12.4;0.4;0.31;2.9;0.013;16.5;60.4;0.99;3.13;0.86;10.7;6
10.4;0.46;0.22;1.3;0.073;17.7;58.6;0.99;3.15;0.75;13.2;6
9.5;0.44;0.19;2.2;0.105;1.0;12.3;0.99;3.19;0.7;10.8;5
9.1;0.51;0.31;3.2;0.091;20.6;75.4;0.99;3.56;0.76;11.5;6
8.8;0.3;0.35;1.8;0.028;24.0;80.8;0.99;3.27;0.74;11.6;8
8.8;0.5;0.33;1.5;0.012;15.1;55.2;0.99;2.94;0.6;12.5;5
8.6;0.42;0.41;4.7;0.052;40.7;155.6;0.99;3.49;0.78;12.9;6
8.4;0.4;0.24;8.3;0.125;8.7;24.8;0.99;3.26;0.76;13.1;7
4.7;0.49;0.37;1.3;0.161;12.1;46.4;0.99;3.03;0.58;12.2;6
7.7;0.43;0.17;1.4;0.13;11.7;40.2;0.99;3.26;0.89;10.9;6
7.9;0.44;0.49;9.0;0.137;15.1;57.1;0.99;3.39;0.8;12.1;6
7.0;0.54;0.17;1.1;0.083;12.4;36.9;0.99;3.37;0.65;11.0;5
7.4;0.53;0.32;10.5;0.012;1.2;6.0;0.99;3.58;0.62;12.0;5
8.8;0.48;0.17;1.0;0.066;10.2;46.8;0.99;3.18;0.72;12.3;6
9.6;0.41;0.26;6.2;0.075;14.8;42.4;0.99;3.32;0.75;10.9;6
8.8;0.51;0.46;1.9;0.064;28.7;87.2;0.99;3.21;0.55;12.6;7
9.6;0.42;0.23;8.0;0.09;38.9;123.2;0.99;3.08;0.96;12.3;7
9.6;0.43;0.5;2.0;0.108;29.8;92.6;0.99;3.44;0.62;9.2;6
7.8;0.51;0.28;3.7;0.127;7.8;33.3;0.99;3.38;0.7;12.0;6
9.2;0.47;0.38;1.2;0.074;8.6;16.0;0.99;3.35;0.7;11.1;6
5.3;0.31;0.32;1.7;0.012;14.2;46.7;0.99;3.37;0.9;10.7;6
7.6;0.51;0.33;4.7;0.064;34.5;126.9;0.99;3.21;0.69;10.7;6
7.4;0.38;0.14;2.9;0.089;14.1;53.5;0.99;3.16;0.86;11.3;6
10.9;0.5;0.26;7.6;0.144;2.0;6.0;0.99;3.32;0.79;12.2;7
8.9;0.53;0.37;2.4;0.06;10.6;39.0;0.99;3.48;0.55;9.9;5
6.0;0.63;0.22;6.1;0.111;23.8;84.4;0.99;3.55;0.66;11.2;5
9.3;0.49;0.26;2.5;0.101;23.1;78.6;0.99;3.43;0.64;11.5;5
9.8;0.49;0.13;10.7;0.089;13.8;46.2;0.99;3.31;0.59;12.9;6
8.1;0.74;0.17;9.0;0.131;23.0;102.9;0.99;3.35;0.64;9.7;4
9.5;0.45;0.39;2.0;0.056;1.0;11.6;0.9902;3.31;0.7;11.1;6
4.6;0.42;0.15;6.4;0.06;17.0;84.3;0.99;3.16;0.76;11.6;6
4.6;0.62;0.32;5.7;0.086;24.9;82.2;0.99;3.31;0.67;11.9;5
6.3;0.54;0.3;1.6;0.057;7.2;24.4;0.99;3.11;0.63;11.2;6
8.6;0.57;0.2;3.4;0.111;7.1;11.5;0.99;3.29;0.68;11.6;4
10.9;0.42;0.19;1.2;0.053;1.0;6.0;0.99;3.56;0.54;9.1;4
6.4;0.42;0.23;5.5;0.098;32.5;132.8;0.99;3.43;0.39;10.4;6
6.8;0.62;0.21;1.5;0.082;8.3;23.8;0.99;3.17;0.66;11.3;5
8.5;0.47;0.34;1.2;0.097;18.4;83.6;0.99;3.3;0.59;9.9;5
7.5;0.48;0.24;2.3;0.065;22.2;65.3;0.99;3.18;0.74;10.5;6
7.4;0.41;0.46;3.2;0.071;31.7;100.4;0.99;3.3;0.9;11.0;6
7.6;0.36;0.28;5.8;0.092;14.3;46.6;0.99;3.47;0.85;11.6;5
10.5;0.41;0.22;10.1;0.096;10.2;35.1;0.99;3.41;0.68;9.9;6
10.2;0.62;0.35;2.4;0.087;17.7;71.2;0.99;3.68;0.57;11.1;5
8.3;0.31;0.31;1.2;0.167;29.3;107.1;0.99;3.49;0.71;11.8;5
11.1;0.51;0.11;4.5;0.04;14.1;45.2;0.99;3.34;0.66;11.2;6
9.2;0.36;0.18;3.1;0.084;5.9;19.3;0.991;3.41;0.74;11.1;6
10.3;0.54;0.27;2.5;0.013;1.0;6.0;0.99;3.28;0.63;11.7;6
6.8;0.55;0.12;1.9;0.104;3.1;6.0;0.99;3.14;0.73;11.2;6
7.2;0.39;0.52;2.7;0.035;24.9;78.3;0.99;3.51;0.67;12.9;7
7.2;0.46;0.36;2.0;0.074;12.5;54.0;0.99;3.46;0.82;10.5;6
8.2;0.47;0.25;4.5;0.07;9.5;15.0;0.99;3.27;0.59;11.0;5
8.4;0.35;0.25;3.0;0.1;8.4;45.6;0.99;3.35;0.77;11.6;6
8.9;0.72;0.19;6.2;0.061;16.8;55.4;0.9912;3.5;0.52;10.7;5
11.7;0.46;0.05;3.0;0.059;13.4;39.2;0.99;3.44;0.73;8.7;5
9.5;0.71;0.08;1.7;0.154;13.0;52.9;0.99;3.09;0.55;10.9;5
7.4;0.53;0.41;5.8;0.1;30.0;119.9;0.99;3.35;0.63;11.3;4
8.3;0.46;0.47;3.0;0.061;32.0;123.2;0.99;3.28;0.85;12.4;7
10.9;0.37;0.22;1.6;0.075;1.0;8.5;0.99;3.48;0.68;11.7;6
9.6;0.53;0.37;3.4;0.164;19.3;78.4;0.99;3.46;0.6;10.5;6
10.8;0.52;0.3;2.1;0.076;7.7;9.8;0.99;3.51;0.7;11.3;5
7.5;0.52;0.31;5.7;0.055;13.3;41.3;0.99;3.14;0.57;10.5;5
7.1;0.61;0.11;2.5;0.055;19.1;57.7;0.99;3.19;0.61;11.3;5
7.1;0.5;0.07;4.2;0.061;13.6;59.8;0.99;3.48;0.68;11.1;5
7.6;0.34;0.4;1.3;0.059;18.3;60.2;0.9904;3.22;0.84;10.6;6
6.5;0.56;0.08;2.3;0.027;22.9;88.6;0.99;3.08;0.7;10.7;6
8.8;0.37;0.27;11.2;0.034;19.0;71.9;0.99;3.39;0.7;11.7;6
8.8;0.6;0.21;5.1;0.048;9.1;23.2;0.99;3.23;0.72;10.8;5
10.6;0.51;0.26;1.4;0.115;9.3;26.7;0.99;3.58;0.76;11.1;7
5.3;0.44;0.31;1.8;0.069;1.0;16.4;0.99;3.35;0.76;10.7;6
6.7;0.6;0.21;2.0;0.077;6.9;16.4;0.99;3.33;0.81;11.2;6
9.7;0.53;0.32;3.6;0.147;36.4;128.6;0.99;3.25;0.67;12.7;6
8.6;0.48;0.26;4.5;0.148;7.6;18.8;0.99;3.55;0.33;10.6;5
8.4;0.69;0.46;4.5;0.074;3.4;8.8;0.99;3.36;0.57;11.0;5
10.4;0.44;0.11;2.8;0.057;19.2;66.7;0.99;3.25;0.77;11.1;5
6.6;0.44;0.28;5.2;0.046;14.7;43.6;0.99;3.19;0.7;10.5;6
7.1;0.6;0.26;2.4;0.12;13.8;38.7;0.99;3.3;0.57;9.2;4
6.9;0.61;0.22;1.3;0.077;30.6;110.0;0.99;3.16;0.77;10.2;5
4.9;0.66;0.12;3.1;0.069;21.6;67.2;0.99;3.46;0.64;11.2;5
8.5;0.66;0.38;8.6;0.049;10.3;27.9;0.99;3.04;0.44;11.1;5
7.4;0.5;0.31;4.9;0.051;11.4;30.5;0.99;3.29;0.55;12.0;6
7.1;0.45;0.15;3.2;0.102;10.6;36.3;0.99;3.4;0.74;11.5;6
6.7;0.3;0.32;3.6;0.025;25.0;96.9;0.99;3.36;0.69;11.3;6
8.3;0.42;0.42;7.7;0.134;12.6;59.2;0.99;3.2;0.8;10.5;5
6.9;0.66;0.28;2.4;0.062;1.0;6.0;0.99;3.41;0.63;12.1;6
8.7;0.3;0.28;2.0;0.08;15.4;75.4;0.99;3.18;0.67;10.7;6
9.1;0.47;0.41;10.5;0.024;1.0;6.0;0.99;3.31;0.56;10.1;5
7.8;0.66;0.15;6.0;0.086;38.7;146.3;0.99;3.41;0.6;11.5;5
7.7;0.57;0.42;2.0;0.072;5.8;13.1;0.99;3.38;0.46;9.9;5
8.6;0.57;0.38;2.6;0.085;14.2;41.0;0.99;3.21;0.66;13.3;6
8.3;0.53;0.19;2.3;0.156;18.6;57.7;0.99;3.49;0.69;11.5;6
10.6;0.7;0.18;1.4;0.095;12.9;44.6;0.99;3.32;0.64;11.3;5
8.8;0.58;0.2;8.9;0.05;12.8;50.6;0.99;3.42;0.86;10.4;5
10.2;0.55;0.1;2.3;0.054;20.3;77.7;0.99;3.54;0.88;11.1;6
9.3;0.41;0.31;6.2;0.115;31.8;101.9;0.99;3.48;0.62;11.1;6
6.1;0.54;0.19;1.5;0.148;23.9;73.8;0.99;3.48;0.5;11.0;6
7.4;0.44;0.31;3.0;0.1;31.3;100.4;0.99;3.34;0.69;11.9;6
8.2;0.5;0.12;1.1;0.119;4.9;16.0;0.99;3.43;0.69;10.6;5
9.8;0.64;0.34;4.6;0.116;19.2;65.1;0.99;3.34;0.56;11.8;5
11.6;0.57;0.35;3.2;0.154;17.5;51.7;0.99;3.13;0.62;13.5;6
7.5;0.79;0.15;3.5;0.012;19.5;70.9;0.99;3.36;0.76;10.4;4
8.4;0.64;0.32;1.1;0.118;30.3;128.7;0.99;3.35;0.67;11.5;6
9.7;0.5;0.32;1.6;0.133;13.6;42.6;0.99;3.4;0.82;12.1;7
8.2;0.31;0.43;1.2;0.024;11.6;36.3;0.99;3.29;0.61;12.8;6
11.1;0.73;0.15;1.9;0.045;21.5;80.8;0.99;3.2;0.64;10.9;5
6.0;0.57;0.26;3.5;0.047;1.0;6.0;0.99;3.41;0.67;10.7;6
9.5;0.47;0.19;3.1;0.053;13.4;53.6;0.99;3.11;0.58;10.0;5
9.4;0.55;0.28;3.4;0.064;14.5;43.6;0.99;3.53;0.82;11.4;6
10.3;0.31;0.36;3.0;0.098;6.2;40.0;0.99;3.28;0.61;11.4;7
8.4;0.61;0.18;1.8;0.128;26.9;97.6;0.99;3.35;0.68;12.6;5
9.8;0.28;0.27;1.7;0.138;4.8;10.6;0.99;3.39;0.71;13.2;7
7.9;0.33;0.41;1.4;0.048;14.4;44.5;0.9908;3.4;0.79;11.0;7
6.9;0.62;0.39;5.7;0.047;18.9;61.0;0.99;3.1;0.62;10.4;5
6.7;0.66;0.3;3.4;0.149;30.0;118.7;0.99;3.43;0.74;11.1;5
5.8;0.58;0.24;1.5;0.117;15.8;42.6;0.99;3.36;0.56;12.1;5
7.5;0.59;0.2;1.5;0.091;25.7;83.3;0.99;3.21;0.72;10.6;4
8.8;0.34;0.3;6.2;0.109;23.2;75.6;0.99;3.2;0.65;10.5;5
7.9;0.46;0.3;4.4;0.086;17.2;60.0;0.99;3.26;0.57;11.4;6
8.6;0.6;0.09;3.7;0.112;4.5;13.0;0.99;3.12;0.72;10.5;5
10.4;0.52;0.31;2.3;0.071;1.0;6.0;0.99;3.57;0.63;11.5;5
7.4;0.48;0.19;1.8;0.1;17.0;55.5;0.99;3.53;0.53;10.8;6
12.3;0.6;0.08;10.7;0.016;10.2;34.7;0.99;3.38;0.63;10.2;4
9.6;0.45;0.11;5.0;0.055;25.5;83.0;0.99;3.28;0.8;12.3;6
8.0;0.56;0.23;1.9;0.055;23.7;89.8;0.99;3.28;0.78;10.4;5
7.9;0.52;0.15;5.7;0.069;13.9;57.8;0.99;3.42;0.61;9.8;5
6.6;0.62;0.05;4.6;0.043;3.8;12.5;0.99;3.57;0.71;11.5;6
8.3;0.26;0.24;1.9;0.062;21.2;76.5;0.99;3.22;0.71;11.1;6
4.6;0.36;0.26;2.4;0.016;5.2;6.0;0.99;3.14;0.9;12.2;7
10.4;0.39;0.27;1.5;0.113;7.9;23.4;0.99;3.54;0.62;11.7;6
4.6;0.5;0.22;1.3;0.083;5.6;29.6;0.99;3.04;0.65;11.4;6
8.4;0.56;0.43;4.2;0.012;14.4;46.2;0.99;3.16;0.57;11.0;5
6.4;0.71;0.3;1.8;0.048;28.1;91.0;0.99;3.27;0.51;10.4;5
7.1;0.68;0.23;5.3;0.103;15.8;78.1;0.99;3.08;0.72;11.5;6
7.3;0.4;0.27;14.6;0.061;11.2;57.4;0.99;3.48;0.86;12.1;6
11.6;0.34;0.48;1.2;0.054;1.0;8.2;0.99;3.44;0.78;11.4;8
6.4;0.57;0.35;2.6;0.083;21.6;87.0;0.99;3.22;0.56;11.0;5
9.9;0.47;0.11;5.0;0.103;7.7;6.0;0.99;3.5;0.67;11.8;5
10.3;0.54;0.18;4.9;0.019;17.1;52.0;0.99;3.53;0.76;11.8;6
4.6;0.53;0.17;4.6;0.113;12.2;38.0;0.99;3.29;0.63;12.0;5
7.3;0.3;0.27;2.1;0.049;24.6;83.7;0.99;3.24;0.89;11.3;7
10.8;0.45;0.22;2.5;0.086;14.2;44.8;0.99;3.65;0.62;9.9;6
6.1;0.45;0.25;3.3;0.085;15.3;28.0;0.99;3.42;0.62;11.2;5
10.3;0.58;0.35;10.1;0.062;21.0;77.4;0.99;3.35;0.73;11.7;6
8.3;0.67;0.37;2.0;0.039;37.9;138.1;0.99;3.51;0.74;12.5;6
8.2;0.57;0.22;7.4;0.074;25.2;104.2;0.99;3.36;0.65;12.0;5
8.4;0.42;0.15;1.8;0.163;14.9;44.3;0.99;3.23;0.62;12.2;7
8.9;0.5;0.18;12.3;0.023;15.9;46.9;0.99;3.32;0.93;12.0;6
6.7;0.6;0.23;3.8;0.167;10.4;9.6;0.99;3.47;0.68;11.2;6
7.9;0.67;0.13;2.6;0.075;5.9;17.7;0.99;3.01;0.66;10.0;5
8.9;0.4;0.42;3.4;0.089;10.1;44.4;0.99;3.27;0.81;11.9;7
8.6;0.58;0.13;1.8;0.036;7.8;21.2;0.99;3.52;0.59;11.8;5
8.9;0.69;0.28;1.8;0.051;22.7;100.9;0.99;3.23;0.61;11.1;4
7.1;0.3;0.14;1.3;0.063;4.7;13.9;0.99;3.54;0.68;12.5;7
9.4;0.67;0.32;1.3;0.038;29.8;105.8;0.99;3.52;0.69;10.7;5
8.5;0.72;0.24;2.1;0.077;23.7;69.3;0.99;3.3;0.62;10.8;5
5.6;0.53;0.46;4.6;0.068;16.1;59.2;0.99;3.22;0.78;12.2;7
7.4;0.29;0.2;3.3;0.174;15.9;35.9;0.99;3.27;0.65;11.4;7
6.8;0.28;0.22;1.3;0.032;10.0;41.9;0.99;3.71;0.62;11.0;6
6.8;0.55;0.24;5.8;0.092;18.7;72.7;0.99;3.59;0.56;11.6;6
7.5;0.47;0.23;3.3;0.099;27.3;109.1;0.99;3.33;0.58;11.6;5
9.3;0.58;0.22;9.1;0.037;8.5;19.6;0.99;3.22;0.39;10.8;5
7.2;0.7;0.22;3.8;0.119;1.0;6.0;0.99;3.33;0.62;10.1;5
8.7;0.41;0.25;1.5;0.068;23.2;86.8;0.99;3.35;0.65;10.8;6
8.4;0.44;0.07;2.6;0.012;19.3;72.0;0.99;3.12;0.72;11.6;6
7.0;0.51;0.38;3.6;0.118;4.2;6.0;0.99;3.32;0.7;11.6;6
7.7;0.35;0.57;1.1;0.035;8.2;6.0;0.99;3.51;0.83;11.6;6
9.8;0.47;0.28;1.0;0.038;6.9;27.6;0.99;3.04;0.91;11.4;5
8.6;0.48;0.17;1.3;0.119;8.3;27.5;0.99;3.43;0.81;11.4;6
9.2;0.52;0.15;1.7;0.071;12.5;38.1;0.99;3.52;0.6;11.2;5
10.5;0.54;0.34;2.4;0.13;13.1;53.5;0.99;3.23;0.65;11.4;6
9.0;0.83;0.29;2.7;0.144;9.1;31.4;0.99;3.56;0.74;11.9;5
5.0;0.42;0.28;1.4;0.057;7.9;14.5;0.99;3.21;0.58;12.9;7
8.8;0.47;0.33;3.8;0.124;13.5;27.9;0.99;3.38;0.62;10.0;5
7.2;0.69;0.04;3.3;0.051;17.6;50.3;0.99;3.26;0.63;10.8;5
11.4;0.39;0.33;1.9;0.192;12.6;68.0;0.99;3.26;0.71;11.0;5
9.0;0.34;0.3;1.0;0.054;28.0;105.2;0.99;3.22;0.76;11.2;6
7.3;0.42;0.18;1.2;0.135;21.2;76.1;0.99;3.41;0.63;12.8;6
9.3;0.52;0.11;2.2;0.127;1.0;6.0;0.99;3.44;0.61;11.2;5
8.5;0.49;0.26;1.4;0.102;21.3;72.1;0.99;3.3;0.69;10.4;5
5.4;0.48;0.42;2.2;0.055;22.2;89.4;0.99;3.11;0.62;11.9;6
9.8;0.58;0.23;3.5;0.08;11.3;34.6;0.99;3.37;0.77;11.2;5
7.6;0.59;0.19;3.0;0.012;1.0;9.3;0.99;3.37;0.76;11.6;6
10.7;0.49;0.3;1.7;0.098;16.0;52.5;0.99;3.28;0.72;12.8;6
8.1;0.49;0.43;2.1;0.103;15.8;74.7;0.99;3.59;0.69;11.3;5
10.7;0.65;0.29;3.4;0.093;4.1;21.8;0.99;3.08;0.6;10.8;5
9.0;0.33;0.36;5.9;0.012;1.0;16.0;0.99;2.98;0.69;10.2;7
10.0;0.39;0.37;4.5;0.028;15.0;46.7;0.99;3.2;0.61;10.9;5
7.5;0.67;0.3;3.0;0.052;13.4;57.5;0.99;3.42;0.7;12.0;5
8.9;0.59;0.2;2.1;0.101;11.5;37.1;0.99;3.15;0.72;11.3;6
5.4;0.33;0.14;2.1;0.101;15.0;53.6;0.99;3.16;0.71;10.0;7
8.1;0.37;0.22;6.3;0.079;4.3;31.4;0.99;3.45;0.82;11.4;7
5.8;0.39;0.17;1.1;0.117;11.3;29.1;0.99;3.38;0.68;12.2;6
6.4;0.58;0.32;12.1;0.039;21.4;76.9;0.99;3.37;0.58;11.4;5
6.8;0.72;0.33;3.7;0.116;12.2;47.1;0.99;3.43;0.68;10.3;5
9.4;0.55;0.3;3.9;0.109;1.0;8.7;0.99;3.25;0.6;10.9;6
8.0;0.58;0.15;1.1;0.105;10.9;33.6;0.99;3.25;0.53;11.1;6
8.4;0.63;0.43;3.3;0.078;4.7;37.3;0.99;3.43;0.65;10.5;5
8.0;0.41;0.27;2.7;0.173;18.7;52.5;0.99;3.11;0.68;10.2;7
10.1;0.66;0.31;1.3;0.11;19.2;81.8;0.99;2.99;0.62;11.6;5
8.3;0.55;0.28;1.8;0.041;1.0;15.7;0.99;3.25;0.6;12.4;6
8.7;0.76;0.24;6.5;0.099;23.8;102.3;0.99;3.45;0.72;9.4;4
7.3;0.43;0.34;3.0;0.122;4.2;6.0;0.99;3.35;0.63;12.4;6
10.3;0.38;0.18;2.3;0.059;32.2;104.0;0.99;3.44;0.61;10.9;5
10.4;0.65;0.38;1.2;0.138;15.4;68.8;0.99;3.01;0.69;12.0;5
8.2;0.58;0.09;4.1;0.105;2.8;6.0;0.99;3.36;0.51;11.0;5
7.3;0.45;0.18;4.0;0.012;3.9;6.0;0.99;3.41;0.55;11.5;6
5.6;0.46;0.41;3.4;0.101;19.5;63.4;0.99;3.11;0.74;11.7;6
6.8;0.74;0.34;2.8;0.068;11.8;43.2;0.99;3.44;0.66;10.8;6
4.6;0.35;0.56;2.4;0.112;14.9;68.1;0.99;3.29;0.66;12.8;7
6.8;0.46;0.26;3.2;0.131;32.7;112.6;0.99;3.77;0.71;10.1;5
8.9;0.56;0.42;1.7;0.096;8.6;24.0;0.99;2.98;0.57;10.7;5
8.2;0.53;0.12;8.1;0.165;16.5;60.9;0.99;3.52;0.72;12.2;7
12.2;0.78;0.11;3.2;0.079;30.7;112.1;0.99;3.25;0.56;10.6;5
7.7;0.48;0.4;1.9;0.116;18.7;69.9;0.99;3.07;0.78;12.4;7
7.5;0.49;0.05;2.5;0.125;1.0;6.0;0.99;3.23;0.73;11.7;4
10.1;0.61;0.29;5.1;0.082;21.2;54.6;0.99;3.35;0.56;12.6;7
5.0;0.55;0.37;1.4;0.124;3.7;6.0;0.99;3.47;0.66;9.5;5
5.8;0.33;0.36;1.9;0.059;30.6;121.3;0.99;3.57;0.84;11.9;7
9.4;0.37;0.28;3.8;0.067;7.3;27.4;0.99;3.52;0.66;12.2;6
8.0;0.42;0.3;1.9;0.025;46.9;160.9;0.99;3.17;0.69;11.1;8
8.0;0.57;0.27;4.9;0.098;31.2;120.4;0.99;3.48;0.69;11.6;5
6.7;0.51;0.34;1.3;0.102;7.5;14.9;0.99;3.37;0.8;11.9;6
8.7;0.54;0.24;4.6;0.142;16.1;54.1;0.99;3.21;0.84;10.8;7
6.9;0.4;0.32;1.2;0.124;23.8;84.7;0.99;3.28;0.74;12.1;6
8.4;0.62;0.39;1.0;0.074;24.1;79.9;0.99;3.2;0.71;11.6;6
6.3;0.43;0.26;6.7;0.032;20.5;72.8;0.99;3.32;0.61;11.9;6
8.0;0.77;0.26;3.2;0.107;29.0;99.6;0.99;3.2;0.74;10.2;5
11.7;0.54;0.33;2.1;0.139;14.6;37.1;0.99;3.16;0.78;11.5;6
7.6;0.39;0.34;1.7;0.122;12.0;43.8;0.99;3.38;0.59;10.0;6
8.1;0.21;0.4;3.4;0.138;12.2;29.4;0.99;3.4;0.79;10.0;7
8.0;0.63;0.15;2.8;0.077;24.8;88.5;0.99;3.28;0.72;11.1;5
8.6;0.51;0.2;12.9;0.065;19.7;82.7;0.99;3.52;0.74;11.9;5
9.1;0.39;0.26;11.2;0.052;18.9;63.3;0.99;3.27;0.74;12.0;7
8.7;0.49;0.22;3.5;0.084;24.2;73.0;0.99;3.26;0.66;11.7;7
8.8;0.65;0.07;2.5;0.083;1.0;6.0;0.99;3.41;0.6;10.8;5
8.0;0.6;0.0;2.7;0.097;19.1;58.5;0.99;3.29;0.6;10.6;6
8.5;0.43;0.37;3.9;0.081;18.2;69.6;0.99;3.32;0.64;10.8;5
7.9;0.69;0.09;1.3;0.081;33.3;115.1;0.99;2.93;0.63;11.3;5
5.2;0.49;0.41;2.0;0.05;1.0;20.6;0.99;3.31;0.86;10.7;5
12.8;0.32;0.32;1.2;0.131;32.2;124.3;0.99;3.04;0.74;11.6;5
9.5;0.36;0.24;1.2;0.091;16.7;56.9;0.99;3.13;0.8;11.6;6
6.6;0.57;0.31;1.5;0.079;21.0;80.7;0.99;3.11;0.7;11.3;5
8.7;0.31;0.35;2.7;0.052;33.4;113.0;0.99;3.15;0.71;12.5;7
6.0;0.4;0.2;4.8;0.024;21.7;76.3;0.99;3.23;0.72;11.4;7
7.5;0.51;0.28;2.7;0.148;20.1;66.7;0.99;3.24;0.68;11.9;6
5.8;0.46;0.18;2.0;0.113;18.4;72.1;0.99;3.41;0.72;11.1;6
8.2;0.5;0.32;1.2;0.012;10.8;52.1;0.99;3.34;0.69;11.3;5
5.6;0.35;0.21;3.0;0.123;15.6;62.6;0.99;3.02;0.7;10.9;6
9.0;0.48;0.27;1.8;0.13;8.4;38.6;0.99;3.32;0.67;10.7;6
9.5;0.34;0.24;3.4;0.093;15.4;63.1;0.99;3.36;0.59;11.1;5
6.9;0.34;0.32;10.5;0.162;1.0;9.0;0.99;3.26;0.61;10.3;7
8.6;0.39;0.45;1.3;0.097;20.4;60.0;0.99;3.3;0.83;11.2;6
6.8;0.39;0.29;1.6;0.02;14.6;68.1;0.99;3.34;0.97;10.5;7
9.2;0.46;0.4;2.6;0.104;12.4;61.4;0.99;3.42;0.82;12.0;6
7.1;0.58;0.33;9.7;0.099;18.2;61.4;0.99;3.07;0.57;12.2;6
9.6;0.71;0.39;4.7;0.059;1.0;6.0;0.99;3.27;0.73;10.3;5
5.2;0.3;0.28;6.7;0.114;36.1;132.5;0.99;3.54;0.85;12.1;7
6.6;0.61;0.38;2.0;0.012;14.8;57.3;0.99;3.52;0.71;12.5;7
6.4;0.47;0.24;13.1;0.134;14.3;48.0;0.99;3.44;0.7;11.7;5
8.6;0.64;0.0;1.3;0.046;5.8;7.8;0.99;3.39;0.55;10.8;4
9.2;0.6;0.14;1.1;0.041;16.1;59.4;0.99;3.56;0.8;11.6;5
8.8;0.72;0.34;5.8;0.082;30.4;111.9;0.99;3.6;0.74;10.9;6
7.4;0.36;0.36;7.6;0.107;26.7;100.7;0.99;3.29;0.66;11.9;7
4.6;0.37;0.12;1.2;0.095;24.8;90.3;0.99;3.16;0.72;10.6;5
8.4;0.63;0.3;1.3;0.052;21.6;72.9;0.99;3.27;0.81;10.8;6
9.6;0.47;0.3;1.1;0.063;12.1;52.3;0.99;3.77;0.67;11.0;5
12.9;0.37;0.31;1.3;0.034;1.0;6.0;0.99;3.07;0.8;12.1;7
7.6;0.37;0.35;1.6;0.076;13.8;43.7;0.99;3.24;0.69;12.3;6
7.2;0.44;0.34;9.8;0.138;13.4;45.1;0.99;3.1;0.59;11.6;6
8.8;0.4;0.28;3.8;0.087;26.8;76.3;0.99;3.33;0.68;11.9;6
7.9;0.62;0.2;4.8;0.127;19.1;65.0;0.99;3.13;0.7;11.5;5
10.5;0.56;0.35;4.7;0.155;32.7;121.3;0.9928;3.29;0.64;13.2;5
6.9;0.48;0.3;2.9;0.059;28.4;102.8;0.99;3.02;0.73;9.6;5
7.9;0.51;0.17;5.0;0.078;11.1;54.1;0.99;3.4;0.71;11.2;7
9.8;0.51;0.3;3.3;0.189;1.0;6.0;0.99;3.49;0.67;12.6;6
8.8;0.16;0.22;1.9;0.155;30.4;111.3;0.99;3.25;0.88;11.9;8
10.3;0.43;0.24;3.1;0.012;30.1;113.3;0.99;3.29;0.82;12.9;8
7.6;0.5;0.21;2.9;0.105;1.6;29.0;0.99;3.29;0.66;11.6;6
10.4;0.62;0.28;5.3;0.087;31.7;112.4;0.99;3.34;0.8;13.1;6
5.5;0.42;0.35;11.0;0.126;19.9;59.2;0.99;3.3;0.68;10.9;7
5.5;0.4;0.24;2.3;0.052;17.6;70.1;0.99;3.43;0.63;12.4;6
10.5;0.53;0.21;4.6;0.048;32.8;133.5;0.99;3.49;0.37;12.4;5
8.3;0.63;0.2;1.3;0.055;29.9;101.4;0.99;3.19;0.59;10.2;5
9.9;0.47;0.35;4.7;0.06;22.7;87.9;0.99;3.26;0.78;11.6;5
8.5;0.37;0.02;2.2;0.125;20.8;85.1;0.99;3.45;0.54;11.0;7
8.3;0.46;0.25;1.1;0.031;22.3;88.2;0.99;3.1;0.6;11.4;6
6.0;0.44;0.4;2.1;0.058;11.7;42.2;0.99;3.01;0.69;10.8;5
8.3;0.4;0.33;3.4;0.012;15.3;46.6;0.99;3.34;0.48;9.5;6
10.6;0.5;0.41;1.3;0.134;6.4;21.6;0.99;3.38;0.65;11.7;6
8.4;0.67;0.05;7.4;0.147;12.4;48.0;0.99;3.2;0.76;11.1;5
9.5;0.58;0.13;1.2;0.072;12.0;51.1;0.99;3.22;0.85;12.2;5
9.4;0.48;0.33;7.6;0.073;9.2;35.5;0.99;3.2;0.73;11.9;6
6.6;0.4;0.44;4.1;0.108;17.3;56.8;0.99;3.18;0.61;13.2;6
9.8;0.59;0.17;2.0;0.156;12.5;49.3;0.99;3.41;0.6;11.5;6
7.8;0.52;0.24;2.2;0.106;21.1;82.5;0.99;3.13;0.71;11.3;6
7.9;0.41;0.32;4.4;0.054;1.0;7.3;0.99;3.27;0.73;11.3;6
11.9;0.57;0.13;3.3;0.012;14.7;43.1;0.99;3.17;0.89;11.0;6
9.3;0.54;0.33;3.8;0.035;17.2;58.4;0.99;3.09;0.8;9.6;6
7.2;0.33;0.04;2.2;0.09;12.6;53.6;0.99;3.44;0.76;11.6;7
8.4;0.54;0.3;2.7;0.056;14.1;35.5;0.99;3.23;0.62;9.3;5
8.4;0.5;0.15;12.5;0.096;1.0;6.0;0.99;3.34;0.95;11.4;5
11.2;0.88;0.18;1.6;0.061;19.6;83.7;0.99;3.08;0.66;9.6;4
8.4;0.53;0.35;2.4;0.037;22.6;84.2;0.99;3.2;0.63;10.7;6
12.1;0.5;0.32;1.9;0.032;21.0;79.6;0.99;3.42;0.68;10.9;6
6.1;0.53;0.28;4.6;0.16;26.7;82.7;0.99;3.7;0.61;11.2;6
8.2;0.69;0.35;4.6;0.129;18.0;70.4;0.99;3.01;0.41;11.0;5
7.0;0.54;0.08;1.9;0.168;20.9;75.9;0.99;3.28;0.68;11.9;5
7.5;0.56;0.24;1.2;0.112;17.5;45.4;0.99;3.37;0.78;10.1;4
7.5;0.63;0.17;1.0;0.067;23.1;95.1;0.99;3.22;0.49;11.4;5
7.1;0.46;0.37;2.4;0.149;1.0;6.0;0.99;3.44;0.71;13.6;6
11.2;0.44;0.32;2.3;0.085;6.5;18.8;0.99;3.18;0.58;11.3;5
10.7;0.42;0.32;12.1;0.097;32.5;110.0;0.99;3.33;0.7;10.9;5
9.0;0.56;0.47;2.6;0.085;1.0;6.0;0.99;3.23;0.73;11.2;7
7.5;0.56;0.36;1.7;0.012;14.4;56.3;0.99;3.49;0.51;10.8;5
7.1;0.42;0.26;6.5;0.162;28.1;101.0;0.9903;3.21;0.6;10.7;6
9.6;0.46;0.28;2.7;0.11;14.9;50.2;0.99;3.26;0.62;11.6;6
8.8;0.63;0.31;3.3;0.103;11.6;53.4;0.99;3.45;0.78;11.1;5
8.1;0.45;0.29;1.3;0.084;17.2;46.4;0.9906;3.16;0.83;9.7;6
9.2;0.34;0.35;2.2;0.095;12.2;36.7;0.99;3.32;0.67;11.4;6
9.8;0.44;0.09;8.2;0.059;16.2;48.2;0.99;3.04;0.87;12.7;7
8.0;0.67;0.44;3.2;0.116;8.7;27.7;0.99;3.15;0.63;10.7;5
7.0;0.52;0.32;2.1;0.026;27.5;96.9;0.99;3.37;0.72;11.3;7
6.1;0.42;0.12;3.5;0.096;30.8;112.1;0.99;3.16;0.71;10.3;6
8.7;0.68;0.16;7.0;0.113;14.5;47.3;0.99;3.23;0.68;9.5;5
12.0;0.57;0.04;1.8;0.078;1.4;6.0;0.99;3.38;0.59;11.7;5
6.4;0.53;0.2;2.8;0.104;10.4;53.3;0.99;3.22;0.75;11.7;7
10.2;0.54;0.27;9.0;0.04;13.9;72.8;0.99;3.43;0.78;12.0;6
7.2;0.4;0.4;1.5;0.042;21.2;75.6;0.99;3.34;0.66;12.2;5
7.5;0.65;0.32;4.2;0.098;5.3;11.0;0.99;3.38;0.7;12.1;6
9.9;0.56;0.27;3.4;0.119;7.8;42.1;0.99;3.5;0.7;10.6;5
7.9;0.61;0.14;3.8;0.012;21.2;59.7;0.99;3.36;0.72;11.1;5
8.7;0.42;0.17;2.1;0.112;25.7;86.6;0.99;3.54;0.64;10.5;5
8.7;0.6;0.18;1.9;0.061;9.4;25.9;0.99;3.45;0.6;10.4;5
7.2;0.66;0.18;3.9;0.078;1.9;6.0;0.99;3.23;0.67;11.3;5
9.8;0.74;0.21;1.6;0.024;50.2;172.9;0.99;3.5;0.49;10.3;5
8.2;0.62;0.25;2.4;0.047;24.1;75.7;0.99;3.35;0.68;9.6;6
5.9;0.61;0.22;1.5;0.132;13.1;46.0;0.99;3.25;0.4;10.3;5
6.8;0.4;0.18;1.0;0.089;25.0;87.8;0.99;3.35;0.48;10.8;5
4.6;0.42;0.32;9.8;0.069;14.6;44.9;0.99;3.48;0.57;13.0;7
8.4;0.42;0.25;2.4;0.082;24.9;83.4;0.99;3.38;0.8;11.0;6
10.5;0.5;0.12;9.7;0.11;17.5;58.9;0.99;3.58;0.7;11.8;6
6.5;0.43;0.25;1.4;0.108;16.8;66.9;0.99;3.47;0.52;10.9;5
9.3;0.53;0.24;3.2;0.083;14.7;50.0;0.99;3.39;0.7;12.0;5
9.0;0.5;0.09;1.6;0.138;1.0;11.7;0.99;3.16;0.75;11.9;5
7.0;0.5;0.19;4.9;0.133;36.1;132.2;0.99;3.28;0.7;11.9;5
10.9;0.5;0.31;4.8;0.106;6.0;26.7;0.99;3.32;0.63;9.6;5
7.8;0.54;0.14;1.3;0.09;1.6;19.5;0.99;3.41;0.67;11.2;5
11.7;0.58;0.13;7.1;0.118;13.6;36.4;0.99;3.41;0.74;11.6;5
5.5;0.3;0.22;1.5;0.102;5.8;15.6;0.99;3.34;0.6;11.3;5
7.8;0.31;0.31;3.4;0.137;15.3;71.2;0.99;3.33;0.65;11.5;5
8.0;0.52;0.43;11.6;0.129;23.1;78.3;0.99;3.42;0.62;11.0;5
8.2;0.53;0.32;6.4;0.039;26.3;63.9;0.99;3.18;0.49;10.4;5
9.5;0.5;0.39;8.8;0.036;24.4;83.4;0.99;3.56;0.79;10.0;6
14.1;0.41;0.31;2.0;0.054;12.7;45.8;0.99;3.0;0.91;10.9;6
9.1;0.55;0.18;1.3;0.133;16.4;31.2;0.99;3.53;0.56;13.1;5
8.3;0.49;0.35;1.5;0.013;20.1;83.7;0.99;3.3;0.8;11.0;6
6.4;0.41;0.27;2.7;0.106;1.0;6.0;0.99;3.46;0.62;9.8;6
5.1;0.65;0.29;4.9;0.104;21.8;79.6;0.99;3.36;0.66;11.6;5
10.3;0.43;0.22;1.4;0.142;1.0;6.0;0.99;3.36;0.9;12.5;7
7.4;0.46;0.36;3.7;0.095;37.2;117.3;0.99;3.39;0.7;12.8;7
12.7;0.56;0.24;2.0;0.024;11.6;29.9;0.99;3.43;0.65;11.4;5
9.8;0.76;0.27;2.0;0.042;13.9;39.3;0.99;3.26;0.47;11.7;5
8.9;0.54;0.27;3.7;0.031;7.8;38.2;0.99;3.47;0.63;12.9;6
9.0;0.43;0.25;2.6;0.062;9.3;31.1;0.99;3.15;0.51;10.8;6
9.0;0.63;0.3;5.2;0.078;39.7;133.7;0.99;3.31;0.69;10.2;5
7.1;0.39;0.21;1.4;0.032;25.7;80.6;0.99;3.44;0.73;10.1;5
5.3;0.56;0.09;4.9;0.156;1.0;15.5;0.99;3.46;0.63;10.8;5
7.4;0.51;0.09;1.2;0.025;31.6;125.2;0.99;3.38;0.73;12.5;6
8.3;0.49;0.3;1.5;0.15;28.4;111.2;0.99;3.25;0.67;11.8;6
7.2;0.52;0.21;3.7;0.143;12.9;50.1;0.99;3.44;0.72;11.4;5
6.1;0.45;0.08;5.8;0.129;19.1;69.7;0.99;3.21;0.66;9.5;5
7.0;0.4;0.29;1.7;0.054;15.7;42.8;0.99;3.57;0.5;10.8;6
10.1;0.63;0.21;2.0;0.103;36.5;125.3;0.99;3.3;0.69;9.1;4
9.6;0.44;0.2;2.9;0.027;7.5;19.4;0.99;3.08;0.61;11.9;5
8.6;0.66;0.3;1.6;0.13;17.4;42.6;0.99;3.13;0.57;12.7;6
9.3;0.15;0.44;5.2;0.084;11.4;50.5;0.99;3.32;0.71;12.4;7
6.4;0.45;0.41;4.7;0.068;1.0;6.0;0.99;3.33;0.51;10.6;6
6.9;0.49;0.29;1.4;0.029;38.8;147.8;0.99;3.61;0.58;12.6;6
8.8;0.6;0.24;2.6;0.012;3.5;21.1;0.99;3.15;0.66;10.8;5
6.6;0.46;0.27;4.7;0.038;18.2;69.3;0.99;3.32;0.67;10.0;5
8.5;0.59;0.31;2.0;0.139;1.0;9.6;0.99;3.15;0.73;10.6;6
6.2;0.41;0.22;3.5;0.068;11.7;34.8;0.99;3.24;0.65;10.7;5
5.5;0.49;0.27;1.1;0.079;20.3;89.6;0.99;3.56;0.58;11.0;5
9.6;0.61;0.09;3.3;0.118;7.2;25.6;0.99;3.14;0.64;10.9;5
10.0;0.72;0.23;1.4;0.172;22.0;80.0;0.99;3.4;0.56;9.5;4
7.2;0.41;0.3;5.4;0.149;13.1;39.4;0.99;3.37;0.49;12.0;5
5.7;0.81;0.2;2.1;0.041;28.0;88.7;0.99;3.31;0.57;10.9;5
4.6;0.46;0.24;1.8;0.012;30.1;110.1;0.99;3.39;0.74;10.4;5
11.4;0.42;0.14;5.6;0.198;9.7;36.1;0.99;3.14;0.81;11.9;5
8.5;0.46;0.18;1.1;0.194;16.7;50.6;0.99;3.56;0.82;10.9;7
7.3;0.45;0.3;2.3;0.096;17.8;47.9;0.99;3.6;0.85;10.1;6
7.7;0.43;0.21;2.2;0.027;22.3;65.4;0.99;3.32;0.71;12.4;6
5.0;0.54;0.1;1.8;0.132;16.0;68.0;0.99;3.67;0.87;12.9;6
9.4;0.33;0.17;7.1;0.082;17.9;56.5;0.99;3.25;0.91;11.0;6
11.7;0.38;0.15;4.5;0.082;13.3;43.2;0.99;3.37;0.48;11.0;5
7.0;0.42;0.36;1.2;0.129;17.1;74.4;0.99;3.52;0.72;10.5;6
12.4;0.59;0.3;4.1;0.103;29.4;91.7;0.99;3.24;0.71;11.4;6
8.1;0.42;0.19;2.9;0.031;22.6;71.8;0.99;3.1;0.66;11.0;6
11.1;0.71;0.19;6.8;0.072;23.2;73.5;0.9902;3.07;0.7;10.9;5
8.8;0.67;0.38;1.9;0.118;23.4;98.1;0.99;3.62;0.65;11.3;5
8.8;0.58;0.34;3.1;0.111;14.3;70.0;0.99;3.23;0.58;10.1;5
11.4;0.58;0.14;2.7;0.099;19.2;74.7;0.9918;3.28;0.65;10.7;5
9.6;0.51;0.4;2.7;0.131;4.5;23.6;0.99;3.14;0.82;10.0;6
8.9;0.5;0.27;2.5;0.07;29.1;96.0;0.99;3.45;0.72;11.1;6
5.0;0.51;0.33;1.6;0.095;1.0;23.0;0.99;3.19;0.71;10.9;5
5.7;0.38;0.29;4.5;0.012;15.0;55.2;0.99;3.24;0.72;12.0;7
9.1;0.37;0.4;2.5;0.066;27.8;105.8;0.99;3.35;0.75;11.6;6
10.8;0.33;0.13;9.0;0.123;1.6;6.0;0.99;3.15;0.53;11.7;5
8.5;0.66;0.22;1.8;0.069;20.1;67.7;0.99;3.28;0.6;9.8;5
7.3;0.57;0.37;3.9;0.065;8.7;47.1;0.99;3.52;0.64;9.8;5
5.2;0.55;0.01;8.1;0.038;12.0;47.4;0.99;3.37;0.52;11.4;5
7.0;0.59;0.25;3.7;0.134;25.8;104.8;0.99;3.33;0.57;9.4;5
8.5;0.47;0.21;6.1;0.113;17.9;65.2;0.99;3.34;0.68;11.1;5
6.8;0.45;0.32;5.4;0.126;1.0;6.0;0.99;3.25;0.66;10.1;5
6.7;0.52;0.36;2.1;0.012;5.7;14.1;0.99;3.61;0.73;12.3;5
8.2;0.55;0.38;3.3;0.079;26.1;92.4;0.99;3.19;0.69;12.0;7
10.8;0.43;0.27;1.4;0.074;20.6;65.8;0.99;3.34;0.66;10.8;5
9.5;0.22;0.28;2.9;0.074;34.2;108.6;0.99;3.33;0.63;12.4;6
8.8;0.5;0.22;1.7;0.058;33.5;129.3;0.99;3.46;0.72;10.1;5
8.6;0.52;0.33;4.4;0.071;12.3;37.6;0.99;3.48;0.87;11.1;7
9.2;0.38;0.4;2.9;0.127;42.1;148.7;0.99;3.31;0.7;10.0;5
8.1;0.43;0.17;2.3;0.012;16.1;59.3;0.99;3.35;0.76;10.3;5
7.6;0.44;0.27;1.8;0.171;5.8;14.4;0.99;3.36;0.75;11.8;7
9.6;0.67;0.3;15.5;0.11;9.2;46.7;0.99;2.97;0.83;12.2;7
7.9;0.34;0.38;1.2;0.085;1.0;6.0;0.99;3.07;0.71;12.2;6
6.3;0.41;0.27;1.1;0.13;32.7;117.1;0.99;3.22;0.55;9.5;5
10.8;0.58;0.35;1.6;0.019;32.6;116.6;0.99;3.23;0.67;10.9;5
5.1;0.6;0.38;9.9;0.056;5.2;17.7;0.99;3.13;0.6;10.5;6
10.9;0.35;0.37;10.7;0.081;13.5;34.3;0.99;3.42;0.98;11.6;7
9.2;0.32;0.17;3.7;0.151;16.9;67.9;0.99;3.31;0.67;13.3;6
6.7;0.52;0.45;6.3;0.085;5.8;27.7;0.99;3.28;0.76;11.6;6
8.3;0.61;0.39;1.6;0.108;1.0;6.0;0.99;3.12;0.65;11.7;5
7.6;0.66;0.29;9.9;0.059;13.7;55.0;0.99;3.3;0.58;13.0;6
9.7;0.62;0.11;1.4;0.11;12.5;47.5;0.99;2.92;0.46;11.9;5
9.6;0.63;0.09;1.3;0.166;11.8;28.5;0.99;3.29;0.72;10.6;5
9.1;0.52;0.28;1.3;0.134;18.2;55.2;0.99;3.32;0.8;10.0;5
9.6;0.72;0.21;3.1;0.083;30.8;119.2;0.99;3.35;0.63;11.4;6
8.1;0.51;0.08;4.8;0.119;12.7;47.5;0.99;3.08;0.48;10.5;5
11.3;0.49;0.09;2.1;0.114;17.7;56.3;0.9902;3.34;0.62;9.8;5
10.4;0.66;0.23;10.5;0.111;23.5;73.7;0.99;3.15;0.61;11.6;6
7.5;0.4;0.27;2.4;0.139;21.7;70.8;0.99;3.19;0.58;11.2;5
9.7;0.3;0.42;1.4;0.139;9.4;28.5;0.99;3.42;0.76;12.8;6
9.5;0.56;0.3;2.6;0.081;16.9;50.7;0.99;3.61;0.64;10.7;5
7.9;0.48;0.24;3.8;0.117;21.6;58.2;0.99;3.32;0.62;11.6;6
7.7;0.46;0.32;5.5;0.069;4.1;25.8;0.99;3.19;0.76;10.9;6
10.4;0.65;0.28;2.5;0.044;29.1;111.6;0.99;3.34;0.72;11.7;5
8.3;0.46;0.32;3.3;0.074;30.8;95.1;0.99;3.45;0.62;10.9;5
8.7;0.56;0.25;1.8;0.083;8.3;30.4;0.99;3.4;0.66;10.1;5
10.7;0.51;0.35;3.6;0.012;17.9;53.6;0.99;3.72;0.7;11.0;5
12.6;0.25;0.42;11.7;0.127;22.6;76.5;0.99;3.2;0.84;12.5;8
7.4;0.54;0.26;1.1;0.012;10.2;32.3;0.99;3.35;0.65;11.2;5
7.9;0.57;0.27;6.4;0.215;20.9;68.9;0.99;3.54;0.84;12.2;6
8.4;0.76;0.34;3.1;0.158;17.6;81.6;0.99;3.53;0.71;9.8;5
8.5;0.54;0.21;1.7;0.075;1.0;6.0;0.99;3.02;0.65;10.7;6
8.9;0.23;0.13;8.7;0.087;20.7;64.4;0.99;3.31;0.66;11.9;6
7.5;0.48;0.13;2.7;0.101;4.4;7.8;0.99;3.53;0.64;10.8;6
6.1;0.48;0.2;2.0;0.059;25.7;100.4;0.99;3.74;0.76;11.6;6
11.3;0.64;0.32;1.5;0.096;8.8;14.3;0.9908;3.42;0.59;9.1;5
9.3;0.57;0.21;1.7;0.08;14.2;42.1;0.99;3.25;0.61;13.2;5
7.6;0.54;0.33;5.5;0.083;30.2;120.2;0.99;3.16;0.86;11.6;7
9.0;0.52;0.23;3.4;0.096;21.1;76.3;0.99;3.64;0.72;12.4;6
11.4;0.57;0.26;7.1;0.025;4.6;18.0;0.99;3.42;0.87;11.5;7
7.0;0.51;0.15;1.7;0.089;5.3;39.9;0.99;3.18;0.73;11.3;5
8.7;0.49;0.27;1.3;0.095;9.6;36.1;0.99;3.28;0.58;12.6;6
5.9;0.49;0.29;1.0;0.093;20.0;62.9;0.99;3.36;0.74;12.7;7
8.1;0.49;0.29;2.8;0.077;19.6;65.8;0.99;3.39;0.75;10.8;5
9.3;0.47;0.28;15.5;0.14;7.1;13.5;0.99;3.18;0.53;10.9;5
6.4;0.42;0.26;4.0;0.07;3.7;25.5;0.99;3.22;0.74;12.2;6
8.0;0.41;0.13;1.9;0.098;18.8;71.5;0.99;3.06;0.7;13.3;6
9.7;0.53;0.39;6.2;0.148;14.0;60.2;0.99;3.47;0.52;11.6;6
9.3;0.37;0.24;4.8;0.083;38.4;146.5;0.99;3.26;0.66;12.6;5
6.3;0.32;0.29;1.0;0.097;16.3;52.9;0.99;3.38;0.62;11.2;6
8.9;0.74;0.41;5.2;0.082;34.8;112.4;0.99;3.52;0.53;11.8;5
9.2;0.48;0.34;1.9;0.145;3.6;12.1;0.99;3.34;0.65;11.9;5
8.5;0.57;0.29;1.4;0.075;1.0;6.0;0.99;3.29;0.46;10.7;5
10.2;0.33;0.28;1.6;0.147;4.2;16.3;0.99;3.34;0.63;10.8;6
7.3;0.49;0.28;2.6;0.082;28.3;110.4;0.99;3.32;0.96;12.3;6
9.0;0.41;0.3;2.4;0.047;34.2;118.0;0.99;3.5;0.77;11.0;6
6.3;0.39;0.29;1.9;0.119;7.7;28.4;0.99;3.36;0.56;10.3;5
5.6;0.54;0.48;1.5;0.073;11.1;37.9;0.99;3.23;0.89;11.3;7
9.6;0.67;0.5;4.6;0.116;3.6;20.6;0.99;3.47;0.55;10.6;5
8.3;0.47;0.31;12.5;0.012;1.0;6.0;0.99;3.49;0.64;12.1;6
7.5;0.65;0.03;4.8;0.087;23.4;59.9;0.99;3.11;0.54;11.4;5
6.5;0.74;0.15;1.9;0.065;18.2;68.4;0.99;3.54;0.68;11.6;5
9.7;0.63;0.43;1.7;0.037;16.0;65.9;0.99;3.36;0.79;11.3;5
5.7;0.6;0.32;1.6;0.061;1.2;8.7;0.99;3.35;0.55;10.5;5
10.0;0.5;0.32;1.4;0.06;33.0;109.1;0.99;3.46;0.49;12.0;6
9.1;0.54;0.26;3.0;0.085;10.6;25.7;0.99;3.22;0.81;12.3;6
5.8;0.51;0.13;3.3;0.023;21.5;80.2;0.99;3.45;0.81;11.5;5
8.5;0.38;0.48;4.1;0.102;1.0;6.0;0.99;3.25;0.55;12.2;7
12.8;0.6;0.17;3.9;0.151;13.9;47.4;0.99;3.09;0.7;10.4;5
10.3;0.43;0.35;1.9;0.1;18.9;84.4;0.99;3.16;0.72;11.6;6
6.9;0.37;0.18;2.0;0.125;19.3;58.1;0.99;3.4;0.67;11.1;7
9.5;0.48;0.26;3.9;0.138;17.5;79.0;0.99;3.17;0.56;11.4;6
5.9;0.67;0.35;2.1;0.145;21.0;73.8;0.99;3.55;0.75;9.7;5
6.0;0.3;0.29;1.6;0.175;4.0;6.0;0.99;3.49;0.77;10.5;7
8.2;0.56;0.24;2.2;0.064;17.9;60.9;0.99;3.51;0.73;11.2;6
9.2;0.63;0.25;1.8;0.053;17.1;69.4;0.99;3.33;0.59;10.6;5
9.7;0.63;0.12;1.2;0.124;18.3;60.4;0.99;3.35;0.57;11.1;5
9.7;0.4;0.13;5.4;0.12;16.6;43.4;0.99;3.13;0.45;11.3;6
9.1;0.31;0.35;5.8;0.123;2.6;7.5;0.99;3.46;0.68;11.4;6
5.6;0.54;0.24;1.6;0.176;2.1;6.0;0.99;3.37;0.84;11.9;6
8.2;0.43;0.38;1.2;0.088;1.0;8.4;0.99;3.4;0.66;11.4;7
9.9;0.58;0.39;4.4;0.107;24.4;93.1;0.99;3.56;0.55;11.2;6
9.1;0.48;0.37;1.6;0.041;24.5;75.2;0.99;3.22;0.69;12.2;5
8.6;0.63;0.09;2.2;0.187;24.7;79.4;0.99;3.29;0.71;11.0;5
8.9;0.66;0.18;1.2;0.071;19.1;74.4;0.99;3.36;0.59;10.9;5
8.8;0.47;0.33;1.6;0.073;1.0;6.0;0.99;3.17;0.67;11.5;6
5.0;0.66;0.28;4.9;0.071;5.1;7.0;0.99;3.28;0.63;10.5;4
10.3;0.52;0.5;5.1;0.057;17.7;50.2;0.99;3.38;0.68;10.8;6
8.1;0.4;0.19;1.6;0.053;17.3;64.1;0.99;3.26;0.8;10.6;6
9.5;0.46;0.43;2.0;0.062;13.5;50.3;0.99;3.51;0.99;11.2;7
4.6;0.71;0.29;1.4;0.023;19.7;62.1;0.99;3.08;0.48;11.7;5
11.1;0.48;0.12;1.2;0.05;16.0;56.1;0.99;3.48;0.82;10.9;6
6.3;0.4;0.2;13.1;0.179;17.1;75.1;0.99;3.41;0.66;10.9;5
12.6;0.41;0.31;3.7;0.122;9.2;22.5;0.99;3.22;0.84;12.0;6
11.9;0.37;0.08;3.0;0.131;26.1;71.8;0.99;3.17;0.72;10.8;5
6.0;0.68;0.04;4.6;0.142;11.4;44.5;0.99;3.0;0.66;11.5;5
9.7;0.56;0.1;5.6;0.173;2.0;6.0;0.99;3.19;0.78;10.2;6
6.6;0.5;0.28;5.1;0.012;7.8;20.2;0.99;3.47;0.61;10.9;5
7.2;0.41;0.2;1.0;0.029;12.2;49.2;0.99;3.3;0.57;11.1;5
7.3;0.4;0.22;1.5;0.049;26.3;100.4;0.99;3.48;0.78;11.4;6
9.1;0.42;0.22;3.7;0.065;15.4;31.8;0.99;3.22;0.62;10.1;6
8.9;0.49;0.14;2.2;0.073;13.9;42.1;0.99;3.42;0.76;12.4;6
6.3;0.49;0.23;11.1;0.066;2.8;33.0;0.99;3.2;0.7;10.7;6
9.0;0.61;0.1;3.7;0.097;24.1;90.2;0.9903;3.17;0.47;11.7;6
8.0;0.48;0.37;8.8;0.089;9.1;38.6;0.99;3.29;0.59;11.0;5
5.2;0.4;0.42;1.6;0.053;14.8;63.5;0.99;3.21;0.68;11.8;5
7.6;0.43;0.02;6.0;0.012;31.4;110.1;0.99;3.08;0.61;12.7;5
11.1;0.41;0.26;2.0;0.04;21.2;82.2;0.99;3.28;0.5;10.8;7
7.6;0.41;0.24;12.4;0.061;1.0;10.7;0.99;3.33;0.83;10.9;6
5.2;0.52;0.23;1.4;0.075;1.0;8.9;0.99;3.5;0.67;11.2;5
9.7;0.5;0.35;2.8;0.034;15.2;50.0;0.99;3.45;0.69;10.1;5
6.7;0.51;0.26;4.9;0.064;3.2;12.9;0.99;3.49;0.7;12.4;7
8.7;0.49;0.24;2.4;0.034;22.7;73.6;0.99;3.42;0.7;11.7;5
8.0;0.44;0.58;2.6;0.081;16.3;57.2;0.99;3.36;0.88;11.8;6
11.3;0.55;0.27;11.7;0.037;17.6;49.9;0.99;3.13;0.63;11.6;6
8.0;0.42;0.46;2.4;0.047;8.5;21.8;0.99;3.33;0.87;12.5;6
6.4;0.66;0.27;3.3;0.025;34.1;116.5;0.99;3.4;0.64;9.7;4
7.5;0.44;0.25;1.1;0.08;45.6;150.2;0.99;3.53;0.66;11.9;7
6.2;0.42;0.24;5.6;0.046;13.0;40.4;0.99;3.41;0.97;11.2;7
7.9;0.37;0.28;3.6;0.13;19.6;67.0;0.99;3.5;0.74;12.1;6
11.3;0.6;0.17;2.3;0.106;16.9;63.2;0.9902;3.16;0.77;9.9;6
10.4;0.63;0.22;1.0;0.084;13.2;55.7;0.99;3.26;0.72;11.8;7
11.8;0.48;0.24;3.2;0.05;7.2;20.6;0.99;3.37;0.62;11.7;6
9.1;0.45;0.28;1.0;0.105;4.5;29.1;0.99;3.48;0.67;10.2;5
8.5;0.48;0.46;1.0;0.119;4.0;23.4;0.99;3.29;0.86;10.9;6
6.6;0.58;0.23;3.4;0.094;20.1;75.4;0.99;3.3;0.67;11.4;6
8.8;0.49;0.3;1.5;0.162;10.4;37.9;0.99;3.41;0.65;11.8;5
8.1;0.47;0.12;1.5;0.109;1.0;6.7;0.99;3.14;0.85;10.6;6
9.6;0.44;0.42;3.6;0.13;20.5;83.6;0.99;3.55;0.72;11.1;7
6.4;0.53;0.14;1.1;0.093;15.5;66.5;0.99;3.18;0.8;12.7;7
8.4;0.63;0.33;1.9;0.119;30.0;118.3;0.99;3.02;0.74;10.8;5
5.6;0.63;0.24;1.4;0.05;19.8;69.7;0.99;3.31;0.63;10.4;5
8.9;0.37;0.3;3.2;0.065;1.0;9.0;0.99;3.56;0.78;12.4;7
9.4;0.52;0.25;3.7;0.103;1.0;16.9;0.99;3.4;0.77;11.0;6
5.5;0.48;0.12;4.2;0.103;8.3;22.8;0.99;3.42;0.61;11.8;5
6.0;0.49;0.19;1.7;0.111;9.3;29.4;0.99;3.32;0.83;11.3;7
6.1;0.53;0.39;1.2;0.139;25.7;90.1;0.99;3.29;0.7;11.7;7
8.0;0.54;0.28;1.2;0.02;15.8;64.3;0.99;3.08;0.63;12.2;6
5.9;0.44;0.25;2.4;0.041;27.7;106.1;0.99;2.97;0.55;11.2;6
10.6;0.53;0.29;8.3;0.098;2.0;6.0;0.99;3.34;0.6;11.6;5
9.0;0.73;0.26;1.6;0.053;26.0;75.9;0.99;3.51;0.57;10.9;5
9.3;0.51;0.17;1.7;0.246;23.4;84.4;0.99;3.36;0.61;12.6;5
5.6;0.58;0.53;1.3;0.111;1.0;6.0;0.99;3.4;0.76;12.7;6
10.5;0.72;0.26;3.3;0.083;29.7;89.1;0.99;3.55;0.38;9.1;3
9.4;0.52;0.26;3.8;0.063;16.8;46.2;0.99;3.36;0.45;11.4;5
7.1;0.42;0.2;3.6;0.064;20.0;73.3;0.99;3.29;0.58;10.3;5
5.7;0.5;0.38;5.9;0.088;6.8;37.4;0.99;3.19;0.75;11.6;6
8.2;0.42;0.23;2.7;0.092;29.2;102.6;0.99;3.61;0.78;11.9;7
7.5;0.73;0.16;1.4;0.066;3.5;14.4;0.99;3.39;0.57;10.2;5
7.6;0.46;0.42;1.9;0.074;24.6;97.9;0.99;3.17;0.77;11.8;5
7.1;0.71;0.28;3.7;0.15;24.5;70.3;0.99;3.13;0.63;11.6;6
9.5;0.59;0.17;3.4;0.152;5.7;25.2;0.99;3.5;0.7;10.8;5
4.6;0.59;0.25;2.9;0.099;36.6;128.0;0.99;3.15;0.61;10.6;5
10.7;0.49;0.34;3.9;0.024;18.3;69.7;0.99;3.59;0.56;11.1;5
10.0;0.58;0.31;3.5;0.112;22.7;74.6;0.99;2.9;0.59;11.3;5
8.7;0.6;0.35;6.3;0.16;1.0;6.0;0.99;3.52;0.72;10.9;5
8.1;0.57;0.16;3.2;0.151;38.0;134.4;0.99;3.38;0.74;9.1;6
10.1;0.45;0.34;4.8;0.122;3.1;27.3;0.99;3.33;0.75;11.0;5
8.2;0.55;0.29;1.7;0.154;26.6;101.7;0.99;3.28;0.79;10.6;7
7.8;0.59;0.26;3.8;0.09;5.5;14.2;0.99;3.59;0.49;10.8;5
10.2;0.54;0.4;6.8;0.117;9.4;19.5;0.99;3.42;0.91;10.3;6
11.9;0.46;0.35;2.2;0.055;24.1;67.5;0.99;3.17;0.74;10.3;6
6.6;0.53;0.26;4.8;0.101;26.6;106.3;0.99;3.05;0.65;11.6;4
9.0;0.49;0.08;4.2;0.149;2.6;6.0;0.99;3.34;0.66;11.1;6
6.5;0.57;0.25;1.2;0.059;27.3;92.3;0.99;3.31;0.76;10.7;5
9.2;0.27;0.23;3.2;0.047;26.8;107.0;0.99;3.08;0.64;12.2;7
7.0;0.63;0.32;1.3;0.092;6.1;6.0;0.99;3.3;0.71;10.7;5
10.4;0.65;0.35;9.6;0.076;32.6;129.0;0.99;3.22;0.44;12.7;5
8.1;0.48;0.22;5.2;0.118;1.0;6.0;0.99;3.31;0.72;10.8;5
8.4;0.24;0.27;1.3;0.066;9.3;21.1;0.99;3.42;0.69;12.5;8
11.1;0.45;0.44;1.3;0.168;20.9;70.7;0.99;3.53;0.73;12.2;6
7.1;0.48;0.22;3.3;0.026;6.9;16.9;0.99;3.45;0.84;12.7;6
9.5;0.52;0.13;2.1;0.146;18.6;69.5;0.99;3.2;0.73;10.4;5
7.2;0.47;0.2;1.1;0.051;18.4;57.9;0.99;3.37;0.82;11.1;6
10.3;0.57;0.19;3.0;0.012;13.9;29.5;0.99;3.32;0.76;12.0;5
11.3;0.27;0.22;2.2;0.098;24.6;83.9;0.99;3.11;0.7;12.4;7
7.9;0.42;0.33;1.3;0.075;13.5;33.7;0.99;3.37;0.71;11.9;5
4.6;0.28;0.03;5.0;0.035;18.3;66.1;0.99;3.59;0.48;9.9;5
7.1;0.71;0.13;7.2;0.012;27.9;85.8;0.99;3.31;0.53;11.8;4
12.4;0.48;0.28;4.5;0.087;24.1;79.5;0.99;3.07;0.84;10.8;6
7.3;0.58;0.3;5.3;0.133;24.1;86.2;0.99;3.31;0.66;11.6;6
11.3;0.44;0.42;1.6;0.114;3.8;11.2;0.99;3.13;0.46;10.9;5
7.3;0.48;0.43;1.8;0.09;21.4;77.4;0.99;3.44;0.9;10.7;6
7.2;0.57;0.09;1.6;0.11;6.7;30.3;0.9906;3.39;0.71;9.9;5
9.6;0.42;0.09;4.6;0.086;2.5;6.0;0.99;3.28;0.78;10.0;6
9.4;0.39;0.25;8.4;0.02;15.1;52.2;0.99;3.26;0.55;11.1;5
9.7;0.72;0.18;4.2;0.02;6.4;6.0;0.99;3.28;0.68;9.8;5
8.3;0.62;0.16;6.3;0.077;24.1;86.8;0.99;3.31;0.73;10.5;6
10.1;0.51;0.25;3.5;0.079;24.4;82.4;0.99;3.19;0.57;10.8;5
9.9;0.6;0.27;2.2;0.127;1.0;6.0;0.99;3.1;0.63;8.9;5
10.3;0.43;0.2;2.4;0.123;7.2;28.4;0.99;3.48;0.55;12.0;6
7.2;0.31;0.25;1.2;0.115;1.0;15.2;0.99;3.25;0.72;9.9;7
10.1;0.73;0.17;1.1;0.074;11.0;33.7;0.99;3.34;0.75;10.9;5
7.4;0.38;0.21;4.0;0.022;20.6;62.7;0.99;3.35;0.58;11.0;5
8.0;0.45;0.33;2.4;0.106;13.3;48.2;0.99;3.36;0.89;11.8;6
8.0;0.56;0.14;3.0;0.112;9.7;20.6;0.99;3.13;0.51;11.0;5
6.6;0.79;0.16;3.0;0.012;29.5;96.6;0.99;3.06;0.57;12.2;4
5.3;0.64;0.21;1.8;0.048;1.0;15.7;0.99;3.22;0.58;11.2;5
10.4;0.31;0.28;2.6;0.055;28.8;101.4;0.99;3.37;0.68;12.2;6
7.1;0.48;0.31;2.6;0.093;10.2;16.9;0.99;3.2;0.84;10.8;6
7.8;0.62;0.42;2.2;0.049;15.1;34.9;0.99;3.26;0.5;10.7;4
7.1;0.53;0.31;5.3;0.085;10.4;38.0;0.99;3.63;0.6;12.2;5
7.9;0.61;0.31;2.5;0.077;32.0;120.6;0.99;3.03;0.72;10.8;5
7.4;0.34;0.25;3.3;0.08;3.0;6.0;0.99;3.2;0.71;11.6;6
10.5;0.58;0.12;6.6;0.053;16.0;60.5;0.99;3.59;0.62;11.4;4
7.3;0.6;0.2;6.0;0.057;21.4;88.2;0.99;3.3;0.55;10.4;5
11.2;0.55;0.21;6.5;0.036;1.0;22.4;0.9901;3.2;0.69;9.7;6
10.2;0.56;0.29;1.8;0.105;6.2;25.0;0.99;3.49;0.76;11.2;5
7.5;0.45;0.11;1.1;0.114;14.3;55.1;0.99;3.32;0.54;12.2;6
8.8;0.54;0.31;1.8;0.051;6.6;6.0;0.9926;3.26;0.58;9.9;5
9.2;0.62;0.24;1.8;0.158;7.3;46.5;0.99;3.34;0.47;11.5;5
9.7;0.55;0.32;7.0;0.072;12.2;36.9;0.99;3.21;0.7;11.5;5
9.9;0.38;0.21;3.6;0.159;22.7;70.1;0.9902;3.16;0.82;9.6;6
8.6;0.36;0.19;1.2;0.057;12.3;40.5;0.99;3.29;0.68;10.7;6
6.7;0.33;0.24;1.4;0.012;27.2;110.3;0.99;3.16;0.6;11.1;6
9.4;0.7;0.21;1.4;0.106;5.4;41.0;0.99;3.31;0.55;10.9;5
7.9;0.56;0.36;3.5;0.099;2.8;11.1;0.99;3.36;0.67;10.8;6
4.6;0.54;0.33;4.3;0.089;36.0;136.0;0.99;3.44;0.62;10.4;5
9.0;0.5;0.44;5.9;0.057;9.0;31.9;0.99;3.48;0.74;12.3;5
7.1;0.35;0.26;8.1;0.085;2.2;6.0;0.99;3.25;0.68;11.7;7
7.5;0.73;0.0;1.6;0.063;1.0;18.3;0.99;3.38;0.64;10.0;4
8.3;0.74;0.21;1.9;0.073;27.1;88.6;0.99;3.38;0.62;11.0;5
5.7;0.49;0.27;1.7;0.127;12.3;58.4;0.99;3.36;0.58;11.4;5
8.5;0.73;0.29;2.1;0.096;13.2;59.2;0.99;3.24;0.57;10.6;4
7.8;0.55;0.28;7.2;0.116;14.2;55.8;0.99;3.16;0.68;10.8;5
6.8;0.46;0.23;3.1;0.076;26.5;111.0;0.99;3.39;0.79;10.9;6
8.4;0.7;0.42;4.4;0.071;14.0;71.3;0.99;3.05;0.62;10.5;5
5.4;0.41;0.21;2.7;0.033;40.4;139.6;0.99;3.27;0.63;11.3;7
8.4;0.51;0.25;1.1;0.07;17.3;52.5;0.99;2.93;0.8;11.7;6
9.1;0.57;0.14;1.2;0.012;27.0;75.9;0.99;3.11;0.56;10.2;5
8.8;0.39;0.25;2.9;0.059;24.3;107.5;0.99;3.18;0.68;11.3;5
9.6;0.58;0.41;4.2;0.083;15.5;49.9;0.99;3.47;0.65;12.1;5
10.3;0.42;0.27;1.6;0.113;9.7;45.3;0.99;3.41;0.68;11.7;6
8.2;0.41;0.24;4.2;0.074;19.3;60.1;0.99;3.23;0.6;10.7;5
10.2;0.43;0.11;5.2;0.103;21.2;89.6;0.99;3.42;0.76;10.4;6
8.2;0.5;0.22;2.3;0.012;9.9;27.6;0.99;3.44;0.33;12.3;5
7.1;0.58;0.4;4.4;0.084;17.6;49.7;0.99;3.29;0.81;10.5;6
7.6;0.44;0.22;2.3;0.012;28.8;98.7;0.99;3.1;0.56;11.7;5
8.8;0.47;0.22;3.8;0.03;37.5;125.9;0.99;3.28;0.69;11.5;5
10.1;0.43;0.42;4.6;0.078;24.8;92.8;0.99;3.3;0.79;11.6;7
8.3;0.35;0.25;13.0;0.147;35.4;123.4;0.99;3.13;0.83;11.2;6
7.2;0.48;0.38;2.1;0.104;9.3;38.8;0.99;3.37;0.67;9.5;5
10.8;0.24;0.18;2.3;0.088;23.2;78.3;0.99;3.35;0.67;12.1;7
5.9;0.57;0.35;1.5;0.086;29.9;98.0;0.99;3.38;0.54;11.9;6
7.2;0.38;0.47;1.6;0.053;6.5;16.9;0.99;3.35;0.72;10.9;7
9.8;0.48;0.38;4.0;0.061;10.8;58.2;0.99;3.42;0.5;11.3;6
11.3;0.64;0.06;7.2;0.107;34.0;121.3;0.99;3.28;0.59;11.0;5
9.1;0.55;0.16;2.3;0.022;5.7;6.0;0.99;3.34;0.57;11.1;4
8.7;0.52;0.23;1.5;0.115;1.8;6.0;0.99;3.25;0.58;11.0;5
7.8;0.37;0.38;1.8;0.069;31.9;112.6;0.99;3.22;0.7;10.1;6
9.2;0.37;0.15;2.5;0.126;28.4;117.9;0.99;3.51;0.68;11.0;6
8.5;0.46;0.15;1.9;0.132;20.4;81.7;0.99;3.0;0.62;11.2;5
7.0;0.5;0.09;1.7;0.012;15.4;44.7;0.99;3.44;0.41;11.7;5
7.8;0.44;0.2;4.3;0.06;11.3;63.7;0.99;3.22;0.57;10.9;6
6.8;0.44;0.18;1.0;0.047;18.8;65.5;0.99;3.2;0.81;13.6;7
8.3;0.39;0.44;2.9;0.012;32.4;125.9;0.99;3.35;0.78;9.9;6
8.6;0.58;0.19;4.9;0.038;18.4;52.8;0.99;3.09;0.47;10.5;5
11.1;0.6;0.32;1.8;0.202;38.5;110.8;0.99;3.19;0.57;10.9;5
7.3;0.57;0.22;3.3;0.116;6.5;8.7;0.99;3.18;0.71;10.4;4
8.0;0.33;0.31;3.8;0.177;15.7;22.4;0.99;3.28;0.68;10.8;7
10.4;0.56;0.19;3.7;0.126;12.0;63.1;0.99;3.19;0.64;11.4;5
11.4;0.46;0.36;2.5;0.052;4.5;17.9;0.99;3.55;0.84;11.7;6
9.1;0.57;0.27;2.1;0.069;14.3;40.8;0.99;3.58;0.61;11.0;5
7.9;0.64;0.29;5.5;0.115;20.2;75.2;0.99;3.01;0.65;11.7;6
7.5;0.49;0.22;4.6;0.108;21.4;76.8;0.99;3.39;0.68;11.1;6
5.2;0.42;0.24;2.0;0.06;38.6;141.3;0.99;3.44;0.89;10.1;6
6.7;0.46;0.31;1.3;0.016;20.7;84.5;0.99;3.39;0.69;10.4;5
8.5;0.53;0.24;1.2;0.242;27.9;94.8;0.99;3.21;0.6;10.7;4
8.0;0.4;0.26;1.2;0.08;16.6;49.3;0.99;3.27;0.6;11.1;5
9.4;0.5;0.23;3.2;0.072;33.4;125.2;0.99;3.2;0.8;11.8;7
8.0;0.19;0.5;1.1;0.092;41.0;151.5;0.99;3.25;0.82;12.2;7
7.1;0.53;0.23;2.0;0.076;21.4;75.9;0.99;3.13;0.59;10.9;6
8.9;0.39;0.28;4.5;0.093;5.5;41.0;0.99;3.29;0.77;11.4;6
12.6;0.43;0.26;1.9;0.147;10.1;31.0;0.99;3.08;0.68;11.9;6
7.8;0.46;0.45;4.6;0.081;18.8;56.8;0.99;3.28;0.65;10.9;5
8.5;0.55;0.28;4.4;0.032;20.6;76.3;0.99;3.12;0.66;10.8;7
9.7;0.55;0.21;1.7;0.079;23.2;74.5;0.99;3.34;0.61;10.2;5
7.3;0.63;0.26;4.3;0.065;20.7;77.4;0.99;3.21;0.55;11.7;5
10.5;0.61;0.21;4.4;0.154;15.9;47.3;0.99;3.35;0.59;12.5;6
5.6;0.57;0.26;2.3;0.142;9.2;28.2;0.99;3.47;0.69;11.9;5
7.6;0.43;0.49;1.6;0.092;20.1;89.3;0.99;3.55;0.61;11.2;5
7.8;0.46;0.31;2.8;0.027;35.3;119.5;0.99;2.93;0.57;10.4;6
8.6;0.48;0.28;7.4;0.029;26.5;84.8;0.99;3.18;0.87;11.0;5
4.9;0.43;0.21;3.6;0.088;21.5;87.0;0.99;3.26;0.59;12.6;6
10.6;0.54;0.42;1.5;0.103;26.6;82.6;0.99;3.38;0.76;11.5;5
9.0;0.54;0.44;3.9;0.069;12.0;35.1;0.99;3.06;0.5;10.8;5
10.2;0.59;0.34;2.4;0.064;10.6;42.9;0.99;3.16;0.7;11.5;5
11.0;0.61;0.32;3.2;0.059;8.0;37.4;0.99;3.33;0.62;10.0;5
7.0;0.47;0.26;4.3;0.086;14.6;63.3;0.99;3.32;0.64;10.8;6
4.6;0.59;0.29;2.8;0.012;11.5;32.8;0.99;3.37;0.67;10.1;5
10.2;0.43;0.2;5.2;0.035;28.5;105.7;0.99;3.38;0.71;11.8;6
7.8;0.61;0.17;4.2;0.058;10.9;33.5;0.99;3.36;0.62;12.0;6
6.4;0.42;0.13;3.4;0.144;7.5;20.2;0.99;3.34;0.61;11.3;6
9.3;0.53;0.35;1.4;0.049;36.2;138.7;0.99;3.32;0.59;11.1;7
12.5;0.33;0.14;5.5;0.095;11.1;33.4;0.99;3.41;0.73;11.4;6
8.1;0.51;0.2;7.9;0.098;17.5;64.0;0.99;2.97;0.52;10.6;5
9.9;0.59;0.21;1.4;0.148;20.6;73.7;0.99;3.54;0.6;10.0;4
6.6;0.58;0.35;2.7;0.146;4.0;6.0;0.99;2.98;0.71;11.3;5
5.4;0.57;0.22;1.7;0.084;28.8;110.5;0.99;3.15;0.72;10.8;6
9.9;0.43;0.36;4.5;0.065;22.5;84.4;0.99;3.28;0.58;9.7;5
9.2;0.37;0.37;4.2;0.056;32.2;92.8;0.99;3.41;0.79;10.3;6
7.5;0.34;0.17;1.4;0.076;8.8;33.6;0.99;2.86;0.66;10.1;6
11.2;0.68;0.36;6.2;0.067;16.9;51.4;0.99;3.31;0.52;11.2;5
5.3;0.51;0.25;1.5;0.113;16.3;68.0;0.99;3.43;0.67;11.5;6
6.2;0.44;0.2;5.0;0.107;18.6;50.6;0.99;3.46;0.71;11.1;5
7.4;0.51;0.22;2.5;0.115;1.0;6.0;0.99;3.21;0.58;11.5;5
7.7;0.6;0.28;2.0;0.146;17.0;63.1;0.99;3.26;0.79;12.4;6
10.8;0.45;0.24;1.4;0.175;1.0;6.0;0.99;3.22;0.62;10.9;6
8.4;0.45;0.2;1.5;0.093;19.6;76.2;0.99;3.25;0.64;11.7;6
8.0;0.47;0.17;3.7;0.139;1.0;6.0;0.99;3.16;0.55;9.7;5
6.1;0.45;0.26;3.0;0.07;1.0;20.0;0.99;3.18;0.72;12.1;5
10.1;0.6;0.26;1.3;0.143;24.4;90.7;0.99;3.38;0.69;10.4;6
6.4;0.65;0.33;1.3;0.137;10.2;49.3;0.99;3.33;0.6;10.8;6
6.1;0.38;0.29;1.2;0.134;5.5;28.0;0.99;3.38;0.66;10.9;6
7.6;0.69;0.26;4.4;0.091;29.2;102.1;0.9927;3.34;0.34;9.8;5
8.6;0.43;0.34;4.1;0.056;19.3;54.7;0.99;3.42;0.78;11.4;6
7.1;0.6;0.39;1.2;0.021;25.0;81.9;0.99;3.44;0.63;11.2;5
9.5;0.69;0.4;3.1;0.085;14.1;65.2;0.99;3.05;0.41;10.8;5
7.8;0.4;0.44;1.2;0.159;43.9;167.5;0.99;3.18;0.6;10.6;7
10.1;0.52;0.34;6.9;0.072;9.5;27.1;0.99;3.28;0.61;12.6;5
9.2;0.49;0.52;6.9;0.124;34.1;91.2;0.99;3.31;0.62;12.2;7
11.3;0.44;0.29;4.0;0.127;15.2;51.1;0.99;3.21;0.73;13.1;5
7.5;0.66;0.28;7.5;0.074;1.0;6.0;0.99;3.45;0.69;10.4;5
9.7;0.49;0.5;5.2;0.149;20.9;70.7;0.99;3.61;0.74;12.2;6
5.3;0.35;0.04;5.4;0.012;19.2;72.5;0.99;3.34;0.49;12.4;7
13.2;0.42;0.26;3.1;0.03;4.9;25.9;0.99;3.32;0.65;11.2;6
9.6;0.34;0.41;1.9;0.044;6.2;31.6;0.99;3.44;0.63;12.5;6
7.8;0.43;0.38;1.6;0.048;15.6;59.1;0.99;3.03;0.6;11.1;6
7.9;0.45;0.54;2.0;0.103;19.5;50.2;0.99;3.31;0.66;11.1;6
7.9;0.37;0.29;3.5;0.101;1.0;6.0;0.99;3.46;0.59;8.6;6
11.4;0.55;0.21;1.5;0.106;26.9;117.2;0.99;3.21;0.67;11.3;5
9.8;0.53;0.25;1.7;0.115;10.7;41.2;0.99;3.13;0.78;10.3;6
7.5;0.53;0.28;2.6;0.042;1.9;10.3;0.99;3.28;0.72;10.6;5
6.2;0.48;0.47;1.7;0.03;25.7;93.5;0.99;3.3;0.74;11.0;7
10.3;0.33;0.47;3.2;0.106;15.6;58.8;0.99;3.17;0.95;11.5;7
9.7;0.65;0.24;7.4;0.057;28.6;76.3;0.99;3.62;0.76;11.4;5
9.5;0.49;0.31;4.4;0.013;20.5;69.4;0.99;3.24;0.69;11.4;6
8.2;0.56;0.25;3.7;0.133;15.9;55.3;0.99;3.14;0.7;12.4;7
7.8;0.79;0.2;3.2;0.153;14.3;62.9;0.99;3.3;0.78;12.0;5
11.2;0.43;0.38;2.7;0.16;20.9;73.6;0.99;3.45;0.8;11.1;6
11.3;0.37;0.47;1.5;0.096;11.5;23.8;0.99;3.31;0.61;11.4;7
9.4;0.6;0.15;6.6;0.116;7.0;28.8;0.99;3.38;0.71;11.4;4
9.9;0.54;0.3;1.7;0.151;22.2;69.7;0.99;3.18;0.68;12.2;6
8.7;0.68;0.23;1.2;0.057;14.4;38.2;0.99;3.53;0.56;11.6;5
6.0;0.34;0.4;4.5;0.139;16.2;48.4;0.99;3.39;0.55;11.0;7
6.6;0.45;0.27;1.5;0.1;27.3;101.0;0.99;3.47;0.72;12.1;7
10.2;0.4;0.12;2.2;0.13;14.7;64.0;0.99;3.36;0.75;11.9;7
10.5;0.54;0.38;1.1;0.096;16.0;60.8;0.99;3.43;0.86;12.2;6
10.1;0.63;0.25;1.4;0.148;9.6;39.9;0.99;3.18;0.8;10.9;6
8.9;0.46;0.26;1.5;0.098;20.4;76.1;0.99;3.24;0.64;10.1;6
10.2;0.38;0.29;1.1;0.017;19.5;69.3;0.99;3.51;0.69;11.6;5
8.2;0.55;0.32;3.7;0.155;25.3;95.5;0.99;3.54;0.78;9.4;6
9.4;0.54;0.27;5.5;0.042;9.8;10.1;0.99;3.14;0.61;10.0;4
8.0;0.47;0.12;2.2;0.146;11.1;40.0;0.99;3.35;0.64;10.6;6
6.5;0.63;0.31;6.2;0.083;24.2;74.3;0.99;3.25;0.6;10.2;5
9.8;0.58;0.06;1.6;0.142;18.5;76.4;0.99;3.21;0.69;10.4;5
10.5;0.54;0.33;2.0;0.14;6.4;20.9;0.99;3.35;0.69;12.0;5
12.5;0.42;0.39;1.4;0.107;29.5;103.6;0.99;3.48;0.67;12.1;6
8.7;0.26;0.11;3.4;0.111;1.0;6.0;0.99;3.38;0.39;10.8;5
6.5;0.55;0.31;2.4;0.107;24.1;94.5;0.99;3.26;0.57;12.3;6
7.7;0.52;0.36;3.4;0.012;2.6;15.4;0.99;3.39;0.71;10.2;5
8.1;0.7;0.21;4.6;0.093;35.6;130.2;0.99;3.26;0.44;10.0;5
8.6;0.52;0.35;3.0;0.035;1.0;6.0;0.99;3.37;0.82;12.1;6
9.1;0.43;0.0;3.5;0.095;27.9;89.9;0.99;3.52;0.8;11.9;6
8.9;0.66;0.36;7.8;0.033;15.0;54.7;0.99;3.0;0.65;10.6;5
9.6;0.6;0.28;1.9;0.031;12.0;35.1;0.99;3.43;0.76;10.5;6
8.6;0.39;0.28;2.1;0.162;17.8;66.6;0.99;3.08;0.8;13.0;7
4.6;0.6;0.38;4.2;0.137;22.5;57.1;0.99;3.49;0.69;10.0;6
8.7;0.49;0.42;3.4;0.087;6.4;17.5;0.99;3.21;0.51;10.5;5
8.4;0.64;0.27;1.5;0.096;7.3;43.5;0.99;3.13;0.7;10.8;4
9.2;0.47;0.47;2.2;0.075;22.7;83.8;0.99;3.41;0.89;13.2;7
7.7;0.7;0.06;2.6;0.114;1.0;6.0;0.99;3.36;0.48;10.9;4
8.7;0.47;0.38;2.4;0.055;9.8;54.2;0.99;3.16;0.61;12.2;7
9.2;0.45;0.27;1.5;0.134;47.7;143.6;0.99;3.12;0.69;10.9;6
8.0;0.52;0.23;7.5;0.075;5.7;11.8;0.99;3.28;0.69;12.3;7
9.4;0.47;0.09;4.6;0.067;27.9;93.6;0.99;3.13;0.71;11.5;6
8.4;0.28;0.4;2.6;0.088;9.7;42.5;0.99;3.15;0.92;10.9;8
8.6;0.49;0.34;3.8;0.059;21.2;83.0;0.99;3.33;0.43;11.6;5
4.6;0.67;0.41;6.7;0.102;22.7;70.8;0.99;3.17;0.86;12.2;6
6.4;0.48;0.37;1.4;0.062;27.7;106.9;0.99;3.37;0.61;11.6;5
6.4;0.61;0.2;1.7;0.109;13.8;44.3;0.99;3.53;0.75;11.4;6
8.7;0.37;0.41;3.0;0.144;36.7;140.6;0.99;3.29;0.76;10.6;6
10.5;0.46;0.45;5.0;0.053;9.7;23.6;0.9903;3.33;0.82;10.0;7
8.1;0.44;0.28;1.1;0.081;18.3;62.8;0.99;3.61;0.76;11.9;7
9.7;0.64;0.28;11.3;0.109;18.4;59.5;0.99;3.13;0.73;12.3;6
9.4;0.48;0.16;2.5;0.067;4.1;24.9;0.99;3.49;0.68;11.8;5
8.5;0.46;0.4;2.1;0.109;12.9;39.9;0.99;3.47;0.59;11.7;5
9.3;0.47;0.13;1.9;0.113;17.6;61.2;0.99;3.44;0.52;11.3;6
8.7;0.72;0.3;1.5;0.138;11.4;45.0;0.99;3.5;0.53;11.9;5
8.1;0.46;0.19;4.9;0.059;41.4;150.4;0.99;3.35;0.64;11.7;5
9.0;0.29;0.14;8.8;0.043;7.1;33.7;0.99;3.22;0.57;10.7;5
10.8;0.56;0.06;2.3;0.073;28.2;100.8;0.99;3.47;0.57;11.5;5
9.1;0.64;0.23;8.6;0.042;24.8;82.6;0.99;3.48;0.83;10.6;5
8.7;0.45;0.12;5.3;0.114;15.7;51.5;0.99;3.48;0.74;11.4;5
6.8;0.63;0.26;2.6;0.032;6.8;24.1;0.99;3.32;0.62;10.0;5
10.7;0.52;0.4;3.8;0.197;7.8;29.8;0.99;3.2;0.67;9.6;4
5.9;0.4;0.33;2.4;0.148;10.5;35.3;0.99;3.34;0.71;12.6;7
5.4;0.63;0.45;3.0;0.088;1.0;6.0;0.99;3.45;0.66;11.8;5
8.9;0.43;0.15;1.1;0.128;5.4;6.0;0.99;3.46;0.69;11.5;5
6.8;0.5;0.15;4.0;0.012;1.0;10.2;0.99;3.25;0.66;11.5;6
10.2;0.67;0.15;1.1;0.206;29.9;106.5;0.99;3.36;0.58;9.1;5
5.4;0.46;0.3;5.2;0.059;22.3;88.1;0.99;3.11;0.87;11.7;7
9.9;0.41;0.55;5.4;0.081;24.1;84.4;0.99;3.46;0.76;11.8;6
9.7;0.7;0.08;1.7;0.012;22.0;59.6;0.99;3.19;0.42;10.6;5
8.5;0.62;0.31;2.0;0.11;17.6;58.0;0.99;3.43;0.58;10.4;5
4.7;0.22;0.24;2.6;0.035;31.1;106.9;0.99;3.14;0.67;13.0;7
5.4;0.5;0.29;3.3;0.092;9.5;40.7;0.99;3.46;0.69;11.8;7
8.7;0.42;0.15;1.8;0.061;17.0;38.8;0.99;3.36;0.79;11.8;6
7.9;0.5;0.37;3.2;0.036;23.7;83.4;0.99;3.19;0.7;12.0;6
9.5;0.65;0.25;1.9;0.049;2.1;12.5;0.99;3.41;0.51;10.2;5
8.2;0.29;0.45;1.1;0.098;48.3;162.4;0.99;3.22;0.76;12.4;8
8.0;0.39;0.27;1.0;0.027;16.2;57.4;0.99;3.42;0.7;12.1;5
4.6;0.56;0.12;1.3;0.052;17.4;54.6;0.99;3.27;0.73;13.3;7
9.7;0.6;0.39;4.9;0.118;29.0;94.2;0.99;3.05;0.64;11.4;6
7.2;0.47;0.08;9.1;0.209;25.4;84.8;0.99;3.16;0.73;11.2;6
7.6;0.57;0.09;2.4;0.109;16.3;49.9;0.99;3.25;0.86;11.6;6
6.5;0.51;0.16;2.8;0.044;17.2;67.0;0.99;3.52;0.7;11.2;5
5.7;0.56;0.16;1.4;0.07;1.0;6.0;0.99;3.45;0.78;12.1;5
10.8;0.54;0.39;3.0;0.088;10.0;26.0;0.991;3.55;0.59;10.2;5
9.7;0.52;0.23;1.4;0.071;21.3;92.2;0.99;3.56;0.65;10.8;5
9.7;0.52;0.4;3.4;0.129;20.5;81.4;0.99;3.23;0.7;10.5;6
7.9;0.43;0.19;7.8;0.097;28.6;81.5;0.99;3.28;0.66;10.2;5
5.3;0.52;0.28;1.5;0.13;14.6;43.5;0.99;3.25;0.69;11.3;5
11.9;0.44;0.36;4.6;0.072;1.4;7.3;0.99;3.21;0.66;12.4;7
9.0;0.59;0.38;1.1;0.149;26.9;97.4;0.99;3.03;0.81;11.3;7
8.5;0.29;0.26;2.2;0.079;30.9;93.2;0.99;3.31;0.59;12.4;7
7.7;0.39;0.3;1.3;0.041;25.3;100.1;0.99;3.12;0.67;13.1;8
4.8;0.61;0.22;2.1;0.189;14.2;58.0;0.99;3.3;0.86;12.5;5
10.2;0.36;0.08;1.5;0.012;26.8;98.6;0.99;3.63;0.6;11.1;5
6.5;0.52;0.27;2.2;0.052;51.7;194.5;0.99;3.23;0.77;10.9;6
9.2;0.57;0.24;2.4;0.058;17.1;64.4;0.99;3.34;0.87;10.6;6
9.6;0.61;0.31;1.9;0.205;2.1;11.8;0.99;3.45;0.42;10.1;5
8.9;0.47;0.29;3.7;0.172;9.7;49.5;0.99;3.35;0.81;12.4;6
9.1;0.58;0.38;7.3;0.157;22.4;89.4;0.99;3.35;0.71;9.8;5
10.6;0.57;0.26;2.3;0.071;1.0;6.0;0.99;3.26;0.81;12.0;5
7.0;0.31;0.22;1.5;0.201;17.6;67.9;0.99;3.28;0.58;10.7;6
8.6;0.5;0.29;1.8;0.104;19.8;62.7;0.99;3.17;0.85;10.9;6
7.9;0.44;0.35;5.8;0.133;31.9;116.7;0.99;3.44;0.63;11.3;6
5.2;0.48;0.07;3.1;0.095;29.6;108.4;0.99;3.05;0.76;10.4;5
8.8;0.66;0.24;2.5;0.085;24.9;73.3;0.99;3.46;0.75;12.5;7
10.4;0.68;0.18;1.4;0.075;1.0;6.0;0.99;3.1;0.73;12.5;5
10.6;0.43;0.29;2.5;0.077;25.5;91.9;0.99;3.45;0.65;10.5;5
11.5;0.44;0.36;1.8;0.116;23.2;76.8;0.99;3.26;0.57;11.5;7
5.3;0.56;0.32;8.2;0.104;18.5;67.9;0.99;3.13;0.44;11.7;7
11.1;0.33;0.03;6.4;0.086;1.0;11.6;0.99;3.4;0.72;11.8;6
8.6;0.49;0.11;1.2;0.158;7.7;26.6;0.99;3.45;0.67;11.3;6
11.0;0.49;0.26;2.8;0.012;3.7;15.2;0.99;3.24;0.74;12.5;6
7.6;0.35;0.23;1.6;0.111;1.0;17.3;0.99;3.42;0.67;12.3;6
7.4;0.59;0.25;2.3;0.121;15.8;60.0;0.99;2.97;0.85;10.1;5
6.2;0.66;0.2;6.2;0.141;7.5;28.3;0.99;3.11;0.67;11.4;5
9.6;0.7;0.4;2.9;0.084;43.3;142.0;0.99;3.5;0.61;12.2;5
9.2;0.53;0.02;2.0;0.097;14.1;56.1;0.99;3.28;0.68;10.6;5
6.4;0.73;0.31;1.6;0.133;29.4;106.2;0.99;3.03;0.66;11.2;6
4.6;0.27;0.36;5.0;0.157;1.0;16.3;0.99;3.21;0.71;11.0;6
9.0;0.59;0.32;3.4;0.073;10.3;36.5;0.99;3.17;0.53;10.6;5
9.2;0.41;0.33;2.6;0.1;16.9;41.0;0.99;3.29;0.65;9.7;5
6.6;0.49;0.37;1.6;0.166;6.4;6.0;0.99;3.25;0.65;10.3;6
6.3;0.5;0.19;2.0;0.012;11.5;47.6;0.99;3.34;0.54;11.1;5
9.4;0.53;0.17;9.0;0.055;13.6;41.9;0.99;3.3;0.9;12.6;6
11.5;0.47;0.08;2.8;0.156;13.4;51.3;0.99;3.51;0.59;10.9;6
7.5;0.4;0.24;2.3;0.138;35.3;124.7;0.99;3.37;0.7;10.9;6
6.8;0.4;0.2;2.8;0.112;19.8;67.6;0.99;3.38;0.62;12.8;6
8.8;0.67;0.4;4.8;0.066;20.9;72.2;0.99;3.48;0.73;10.5;6
9.4;0.59;0.22;2.0;0.046;21.5;66.6;0.99;3.25;0.52;9.7;5
7.7;0.31;0.18;1.5;0.059;22.3;77.9;0.99;3.12;0.78;10.7;6
11.7;0.54;0.16;3.2;0.16;15.0;46.7;0.99;3.49;0.9;10.9;6
9.8;0.53;0.45;3.7;0.057;12.5;40.0;0.99;3.33;0.57;9.6;5
7.7;0.41;0.31;4.1;0.092;17.6;58.4;0.99;3.33;0.87;11.7;7
5.6;0.56;0.2;6.3;0.052;28.0;95.7;0.99;3.22;0.66;12.2;6
10.5;0.6;0.29;2.2;0.127;27.7;106.2;0.99;3.22;0.85;10.4;6
10.3;0.39;0.47;1.2;0.062;13.4;45.6;0.99;3.44;0.92;11.5;6
7.8;0.41;0.27;8.9;0.082;23.9;93.9;0.99;3.46;0.73;12.1;7
8.9;0.43;0.35;2.4;0.012;13.8;63.7;0.99;3.43;0.55;11.3;6
8.0;0.54;0.4;3.4;0.012;16.2;65.2;0.99;3.43;0.79;11.5;6
9.2;0.46;0.09;3.7;0.087;10.9;43.5;0.99;3.4;0.72;11.6;6
6.6;0.48;0.22;3.0;0.025;14.0;52.3;0.99;3.33;0.75;10.7;6
6.3;0.45;0.39;1.6;0.186;29.9;113.3;0.99;3.28;0.67;12.6;6
9.7;0.47;0.21;4.5;0.012;16.8;59.7;0.99;3.49;0.61;12.4;6
9.9;0.72;0.29;5.1;0.049;17.3;70.4;0.99;3.25;0.77;12.0;5
7.5;0.65;0.23;3.0;0.088;1.0;9.6;0.99;3.37;0.78;12.6;7
7.0;0.45;0.27;2.7;0.07;12.6;40.5;0.99;3.19;0.61;10.5;7
10.3;0.61;0.16;1.3;0.035;13.3;55.5;0.99;3.21;0.67;11.3;4
7.1;0.32;0.34;1.2;0.042;7.2;26.1;0.99;3.27;0.75;11.9;6
8.4;0.47;0.27;2.0;0.04;16.1;55.3;0.99;3.19;0.62;9.8;5
8.2;0.54;0.26;1.9;0.074;11.4;35.1;0.99;3.43;0.81;10.8;5
5.8;0.41;0.53;8.7;0.179;16.7;60.1;0.99;3.11;0.64;11.6;6
8.6;0.49;0.42;4.8;0.091;17.1;69.8;0.99;3.32;0.63;12.3;5
8.5;0.64;0.08;3.7;0.143;5.9;29.5;0.99;3.33;0.78;12.0;6
8.9;0.48;0.24;2.8;0.111;11.7;44.5;0.99;3.04;0.71;10.7;6
8.6;0.49;0.52;1.5;0.139;16.7;64.4;0.99;3.24;0.56;12.8;6
11.9;0.55;0.16;10.6;0.012;28.3;111.8;0.99;3.35;0.62;10.6;4
10.3;0.67;0.46;2.2;0.073;18.6;63.6;0.99;3.37;0.61;10.8;5
8.4;0.46;0.24;1.3;0.148;8.9;20.0;0.99;3.28;0.79;11.1;6
8.5;0.36;0.29;2.7;0.06;20.0;83.0;0.99;3.41;0.77;10.5;7
11.3;0.32;0.37;6.2;0.17;33.7;112.7;0.99;3.29;0.71;11.3;6
9.8;0.54;0.24;6.5;0.157;25.5;82.3;0.99;3.31;0.55;11.4;5
6.2;0.42;0.33;1.0;0.065;21.6;57.6;0.99;3.35;0.68;11.1;6
9.9;0.65;0.44;6.4;0.063;23.5;88.0;0.99;3.45;0.8;11.7;6
10.4;0.66;0.36;1.8;0.039;30.9;91.9;0.99;3.21;0.62;10.7;6
11.1;0.43;0.26;1.1;0.057;27.1;87.3;0.99;3.24;0.65;10.9;5
7.6;0.37;0.45;5.7;0.029;21.8;82.2;0.99;3.21;0.61;11.7;6
7.5;0.45;0.37;6.0;0.107;27.0;101.7;0.99;3.26;0.58;11.6;6
6.7;0.33;0.24;3.3;0.019;4.6;9.6;0.99;3.52;0.74;10.5;7
8.8;0.57;0.45;3.1;0.115;1.0;6.0;0.99;3.4;0.67;10.6;5
9.5;0.45;0.34;5.2;0.117;17.5;52.5;0.99;3.14;0.9;12.7;6
7.4;0.44;0.29;4.9;0.012;16.6;52.6;0.99;3.22;0.7;11.4;7
8.1;0.65;0.05;6.5;0.16;10.2;38.4;0.99;3.37;0.64;11.0;5
4.8;0.3;0.17;3.0;0.111;24.5;80.7;0.99;3.17;0.62;11.7;7
10.9;0.58;0.45;9.6;0.122;1.0;6.0;0.99;3.2;0.76;12.7;6
5.6;0.48;0.42;14.9;0.051;10.3;21.4;0.99;3.51;0.69;12.0;5
8.9;0.76;0.26;1.3;0.116;10.8;49.1;0.99;3.22;0.8;11.6;5
8.7;0.64;0.1;5.7;0.14;1.0;8.6;0.99;3.45;0.81;10.6;6
8.4;0.54;0.14;2.7;0.082;31.5;118.2;0.99;3.5;0.69;11.3;5
8.4;0.38;0.12;2.2;0.181;1.7;18.9;0.99;3.2;0.65;11.9;6
6.6;0.43;0.08;3.4;0.089;9.7;25.7;0.99;3.18;0.67;10.4;5
7.7;0.57;0.48;1.1;0.141;25.4;85.3;0.99;3.27;0.69;10.7;6
9.9;0.55;0.46;2.8;0.101;22.6;60.2;0.99;3.15;0.75;12.4;5
10.5;0.5;0.2;6.1;0.115;4.3;46.5;0.99;3.33;0.83;11.6;7
7.6;0.63;0.31;1.6;0.012;23.0;79.0;0.99;3.28;0.72;13.1;7
5.6;0.33;0.18;2.4;0.104;18.9;76.5;0.99;3.36;0.6;12.6;7
7.0;0.36;0.28;8.0;0.052;40.3;128.7;0.99;3.52;0.83;11.7;6
11.4;0.57;0.41;2.4;0.047;20.1;80.3;0.99;3.43;0.71;11.4;5
7.1;0.59;0.39;2.1;0.169;14.4;69.0;0.99;3.38;0.67;10.3;6
8.1;0.53;0.3;2.5;0.077;6.9;23.5;0.99;3.02;0.65;10.8;4
10.7;0.62;0.2;2.8;0.04;8.1;18.2;0.99;3.38;0.61;11.7;4
7.4;0.69;0.38;3.5;0.07;7.2;23.8;0.99;3.57;0.78;11.5;5
8.0;0.32;0.34;5.0;0.026;30.2;83.4;0.99;2.86;0.51;11.5;6
9.7;0.5;0.32;2.5;0.154;16.1;56.0;0.99;3.41;0.66;12.8;6
11.2;0.43;0.27;5.3;0.054;21.8;84.5;0.99;3.29;0.86;11.3;6
7.2;0.56;0.28;2.9;0.112;31.7;110.6;0.99;3.18;0.71;10.5;5
10.7;0.62;0.28;2.0;0.151;1.0;6.0;0.99;3.43;0.83;11.1;5
7.8;0.36;0.29;3.7;0.063;29.2;107.5;0.99;3.57;0.68;12.8;8
6.8;0.45;0.17;4.2;0.112;16.4;63.4;0.99;3.43;0.76;9.6;5
8.7;0.5;0.15;3.0;0.039;20.4;54.8;0.99;3.25;0.75;11.2;5
6.3;0.69;0.16;1.1;0.202;7.2;26.1;0.99;3.17;0.48;11.6;5
9.1;0.51;0.26;1.5;0.131;8.0;52.4;0.99;3.33;0.67;11.2;6
13.7;0.56;0.24;1.8;0.078;21.0;60.1;0.99;3.44;0.69;12.3;6
10.2;0.58;0.19;1.8;0.051;40.8;141.9;0.99;3.25;0.49;11.5;5
8.1;0.63;0.18;3.8;0.082;26.4;111.8;0.99;3.27;0.62;12.7;5
10.1;0.44;0.31;1.0;0.071;29.1;112.9;0.9904;3.73;0.79;10.8;6
6.7;0.4;0.42;4.5;0.179;13.9;43.5;0.99;3.47;0.66;12.1;6
7.0;0.63;0.25;1.8;0.029;9.6;35.7;0.99;3.48;0.67;10.2;5
8.2;0.52;0.3;1.9;0.093;7.7;26.9;0.99;3.09;0.77;10.5;7
8.4;0.46;0.16;2.9;0.086;10.8;30.3;0.99;3.2;0.65;9.4;5
6.1;0.49;0.23;1.6;0.081;1.0;6.0;0.99;3.32;0.58;11.4;5
7.8;0.39;0.43;6.4;0.082;8.3;26.3;0.99;3.16;0.82;11.9;7
8.1;0.71;0.35;1.2;0.082;10.0;36.1;0.99;3.55;0.49;10.6;5
10.9;0.54;0.38;2.5;0.128;14.0;41.5;0.9901;3.52;0.7;10.0;6
6.1;0.42;0.34;5.7;0.116;17.2;47.4;0.99;3.23;0.79;10.4;5
5.9;0.54;0.29;3.4;0.107;19.7;68.5;0.99;3.58;0.61;11.0;5
8.6;0.39;0.35;1.9;0.012;15.7;72.1;0.99;3.31;0.68;12.4;7
10.3;0.43;0.27;2.4;0.101;9.8;35.1;0.99;3.7;0.72;11.0;5
9.2;0.4;0.27;4.1;0.012;1.0;6.0;0.99;3.33;0.77;12.0;7
8.8;0.52;0.26;10.1;0.117;9.9;42.2;0.99;3.4;0.72;10.7;5
7.8;0.51;0.27;6.6;0.156;5.7;18.4;0.99;3.52;0.65;12.4;5
9.4;0.58;0.28;2.0;0.043;20.7;91.1;0.99;3.5;0.36;9.8;4
9.7;0.63;0.29;15.5;0.075;25.4;88.9;0.99;3.39;0.82;10.8;6
7.9;0.51;0.46;1.0;0.059;25.7;97.0;0.99;3.29;0.86;10.6;5
6.7;0.41;0.19;1.1;0.145;23.8;75.8;0.99;3.39;0.88;12.2;7
6.7;0.47;0.36;5.3;0.091;14.5;55.8;0.99;3.19;0.35;10.6;6
9.8;0.36;0.31;1.6;0.168;10.4;39.2;0.99;3.33;0.8;11.9;7
5.7;0.56;0.25;1.2;0.106;8.1;27.8;0.99;3.14;0.6;11.1;5
11.2;0.42;0.23;1.7;0.098;1.0;6.0;0.99;3.04;0.64;11.2;7
7.5;0.49;0.38;2.4;0.09;26.2;85.3;0.99;3.32;0.71;11.7;6
8.8;0.39;0.35;4.3;0.125;14.0;51.8;0.99;3.5;0.69;10.6;6
9.5;0.46;0.36;3.4;0.012;2.8;16.1;0.99;3.45;0.75;10.5;6
7.1;0.56;0.3;1.7;0.091;7.2;23.9;0.99;3.3;0.71;11.5;6
7.5;0.46;0.25;2.7;0.084;6.8;26.7;0.99;3.57;0.59;10.1;6
8.5;0.57;0.24;7.5;0.121;16.3;56.7;0.99;3.22;0.59;9.3;5
6.8;0.64;0.26;5.2;0.078;27.0;95.5;0.99;3.02;0.53;11.0;4
6.5;0.45;0.11;2.0;0.038;12.2;40.7;0.99;2.98;0.58;12.6;7
6.6;0.54;0.37;11.1;0.087;1.0;6.0;0.99;3.13;0.56;11.0;6
10.4;0.46;0.52;4.1;0.036;13.9;75.6;0.99;3.43;0.68;10.9;6
9.0;0.39;0.33;1.2;0.012;14.2;52.8;0.99;3.21;0.84;12.2;6
7.0;0.43;0.22;1.1;0.121;13.5;53.7;0.99;3.38;0.6;10.1;5
9.8;0.65;0.23;1.5;0.114;9.3;36.9;0.9905;3.56;0.57;9.9;5
7.0;0.56;0.35;4.3;0.109;18.1;60.7;0.99;3.14;0.58;12.0;6
5.0;0.61;0.22;1.5;0.148;16.6;71.0;0.99;3.38;0.65;11.0;5
9.5;0.63;0.34;2.8;0.056;15.6;51.7;0.99;3.39;0.77;11.9;5
11.1;0.46;0.26;1.2;0.02;20.2;81.3;0.99;3.18;0.9;9.7;6
9.2;0.49;0.42;7.3;0.084;11.4;36.6;0.99;3.51;0.68;9.9;5
5.1;0.38;0.45;2.1;0.071;10.8;28.2;0.99;3.27;0.71;11.4;6
8.3;0.44;0.22;7.0;0.047;30.3;109.7;0.99;3.25;0.6;11.3;5
7.8;0.6;0.27;8.2;0.083;21.7;64.9;0.99;3.63;0.66;12.1;6
8.9;0.5;0.25;1.0;0.058;24.5;91.1;0.99;3.39;0.71;11.1;5
6.9;0.66;0.25;2.6;0.012;28.7;88.5;0.9902;3.45;0.62;11.1;5
7.7;0.6;0.13;1.1;0.066;21.4;71.7;0.99;3.51;0.58;10.3;4
5.9;0.48;0.14;7.0;0.034;25.6;75.3;0.99;3.21;0.65;12.3;5
8.7;0.44;0.37;2.8;0.098;1.0;31.7;0.99;3.5;0.59;10.1;5
5.9;0.42;0.39;1.2;0.056;18.0;46.5;0.99;3.23;0.69;11.7;6
9.0;0.62;0.39;1.3;0.139;14.0;49.1;0.99;3.23;0.5;10.6;6
7.0;0.44;0.24;2.2;0.162;33.4;128.3;0.99;3.27;0.7;11.4;5
4.6;0.69;0.47;8.0;0.119;25.6;100.0;0.99;3.22;0.94;10.6;6
9.6;0.4;0.28;4.0;0.014;9.3;41.1;0.99;3.43;0.64;12.0;6
9.1;0.55;0.37;6.1;0.158;19.8;66.1;0.99;3.35;0.74;11.5;6
10.6;0.54;0.11;2.1;0.161;17.6;75.1;0.99;3.24;0.74;12.4;5
4.7;0.45;0.26;1.1;0.088;20.6;81.2;0.99;3.41;0.83;11.2;6
7.2;0.42;0.23;10.2;0.149;5.2;20.3;0.99;3.27;0.62;11.3;5
8.5;0.54;0.24;1.0;0.061;19.6;71.0;0.99;3.26;0.47;10.4;5
9.3;0.29;0.18;8.4;0.012;13.5;44.2;0.99;3.32;0.78;11.6;7
5.8;0.38;0.32;2.1;0.051;18.8;56.7;0.99;3.38;0.66;11.1;5
9.0;0.49;0.38;1.0;0.168;8.3;41.4;0.99;3.37;0.67;10.2;6
7.3;0.42;0.21;3.9;0.017;9.8;47.4;0.99;3.26;0.69;10.3;6
5.1;0.65;0.17;10.8;0.087;28.1;89.5;0.99;3.44;0.71;11.9;6
7.0;0.58;0.2;9.4;0.089;4.9;15.6;0.99;3.28;0.74;11.3;6
9.2;0.79;0.27;1.4;0.063;5.6;18.2;0.99;3.21;0.63;10.1;4
5.2;0.48;0.19;1.5;0.066;15.3;53.2;0.99;3.09;0.63;10.4;5
9.4;0.49;0.27;3.1;0.09;7.8;27.9;0.99;3.46;0.74;10.8;6
8.8;0.29;0.14;3.5;0.061;6.6;32.6;0.99;3.31;0.62;11.1;5
7.9;0.52;0.45;4.4;0.02;17.0;52.0;0.99;3.34;0.71;11.4;5
5.5;0.63;0.23;1.5;0.097;1.0;6.0;0.9922;3.47;0.54;8.9;4
5.7;0.57;0.36;9.0;0.137;5.3;30.9;0.99;3.24;0.66;12.1;5
7.6;0.55;0.3;3.5;0.128;37.4;126.3;0.99;3.1;0.49;12.1;5
6.4;0.56;0.25;5.7;0.049;20.7;59.8;0.99;3.32;0.61;9.1;5
7.7;0.21;0.27;2.9;0.028;8.1;23.5;0.99;3.36;0.76;12.3;6
9.8;0.51;0.21;2.3;0.074;20.2;67.4;0.99;3.27;0.6;12.2;6
7.8;0.53;0.23;10.5;0.161;21.8;91.8;0.9901;3.53;0.67;11.4;6
7.8;0.68;0.15;3.2;0.117;26.3;101.3;0.99;2.94;0.41;10.0;5
7.8;0.59;0.14;6.0;0.12;14.5;62.2;0.99;3.48;0.51;11.8;5
10.0;0.54;0.46;8.7;0.129;26.1;99.5;0.99;3.43;0.54;10.8;5
10.5;0.59;0.31;3.8;0.107;1.0;13.0;0.99;3.38;0.71;11.8;6
9.0;0.24;0.43;3.0;0.093;4.8;9.9;0.99;2.81;0.73;13.2;6
8.5;0.57;0.14;1.0;0.118;17.6;59.6;0.99;3.5;0.59;10.8;4
8.7;0.33;0.18;1.1;0.061;19.3;57.7;0.9901;3.16;0.71;11.1;7
10.7;0.55;0.15;1.6;0.021;6.3;19.9;0.99;3.23;0.61;10.7;5
9.1;0.26;0.24;1.5;0.121;18.6;71.9;0.99;3.28;0.77;10.8;6
10.9;0.61;0.28;1.7;0.145;9.3;33.9;0.99;3.37;0.72;11.7;6
7.6;0.39;0.29;1.9;0.034;13.0;58.6;0.99;3.41;0.72;11.2;7
6.0;0.51;0.2;2.1;0.126;26.6;81.7;0.99;3.44;0.83;11.0;6
7.2;0.5;0.29;2.4;0.166;25.4;93.9;0.99;3.43;0.89;10.4;6
7.3;0.68;0.27;1.3;0.087;5.4;6.4;0.99;3.35;0.53;10.9;5
11.0;0.29;0.35;1.1;0.049;4.8;17.7;0.99;3.37;0.75;11.5;6
9.6;0.56;0.4;3.8;0.093;11.6;48.0;0.99;3.15;0.96;8.9;5
7.2;0.52;0.27;2.9;0.061;15.6;52.5;0.99;3.2;0.78;12.0;7
9.7;0.47;0.4;2.5;0.058;9.0;37.0;0.99;3.44;0.71;11.4;6
8.1;0.38;0.29;3.5;0.107;26.8;84.2;0.99;3.44;0.69;10.8;6
11.1;0.49;0.1;5.4;0.012;19.5;51.6;0.99;3.42;0.7;12.6;5
7.7;0.44;0.46;2.4;0.019;20.1;75.9;0.99;3.23;0.78;12.2;6
5.7;0.41;0.51;3.6;0.088;2.6;26.5;0.99;3.45;0.58;10.5;6
8.0;0.46;0.34;8.7;0.086;28.1;88.4;0.99;3.14;0.7;12.1;6
7.7;0.7;0.26;5.6;0.103;1.0;15.7;0.99;3.47;0.42;12.0;5
6.0;0.49;0.22;2.4;0.175;24.6;86.5;0.99;3.27;0.63;11.1;5
9.3;0.5;0.2;3.6;0.092;25.6;76.2;0.99;3.56;0.56;11.3;5
10.7;0.6;0.37;1.5;0.115;11.3;28.2;0.99;3.08;0.68;11.3;5
6.4;0.39;0.31;3.1;0.041;29.2;102.4;0.99;3.57;0.58;10.1;7
10.0;0.42;0.42;11.0;0.123;15.2;49.2;0.99;3.26;0.6;10.9;5
7.3;0.4;0.31;2.8;0.062;16.5;44.6;0.99;3.25;0.85;11.6;7
8.3;0.54;0.21;7.6;0.09;19.4;51.0;0.99;3.34;0.58;12.1;5
8.1;0.65;0.19;2.3;0.082;49.2;163.7;0.99;3.21;0.46;11.3;5
8.3;0.38;0.21;15.5;0.136;29.9;106.6;0.99;3.3;0.73;11.2;6
9.1;0.58;0.33;3.2;0.025;23.2;81.1;0.99;3.2;0.64;11.3;6
6.6;0.47;0.15;1.1;0.012;6.3;17.0;0.99;3.2;0.68;12.2;6
10.5;0.37;0.2;3.2;0.077;17.4;62.9;0.99;3.38;0.63;11.3;6
9.2;0.35;0.41;1.8;0.109;7.4;36.3;0.99;3.17;0.9;10.8;6
9.7;0.74;0.15;1.1;0.094;24.5;89.7;0.99;3.19;0.49;10.8;5
7.0;0.32;0.43;5.3;0.145;17.3;59.3;0.99;3.1;1.08;13.0;8
6.4;0.5;0.1;1.8;0.108;4.1;23.6;0.99;3.23;0.71;12.2;7
10.3;0.31;0.43;5.0;0.06;16.7;48.9;0.99;3.51;0.72;11.4;6
6.3;0.81;0.12;1.8;0.012;7.0;22.3;0.99;3.18;0.59;11.2;5
8.6;0.57;0.19;1.5;0.076;17.5;59.2;0.99;3.2;0.64;11.0;6
10.0;0.52;0.32;10.1;0.135;6.9;11.8;0.99;3.34;0.57;10.8;5
8.1;0.59;0.25;2.1;0.069;16.2;52.5;0.99;3.25;0.66;10.1;4
10.3;0.62;0.34;3.3;0.088;23.7;62.2;0.99;3.64;0.51;10.8;5
7.8;0.62;0.12;3.4;0.107;15.3;72.7;0.99;3.29;0.69;12.1;5
6.1;0.43;0.28;3.1;0.039;11.8;31.9;0.99;3.36;0.53;10.9;7
8.9;0.48;0.22;7.2;0.116;18.0;78.9;0.99;3.45;0.73;10.8;6
8.6;0.54;0.17;3.8;0.164;23.2;81.6;0.99;3.45;0.78;10.4;6
12.9;0.38;0.31;2.3;0.079;4.3;20.7;0.99;3.34;0.52;9.8;5
6.7;0.51;0.34;6.0;0.034;18.6;60.2;0.99;3.29;0.72;10.9;5
7.9;0.39;0.22;1.5;0.084;29.7;106.0;0.99;3.61;0.66;10.5;5
7.1;0.47;0.46;3.0;0.012;21.9;83.2;0.99;3.3;0.91;13.2;7
8.1;0.48;0.17;8.5;0.103;16.5;64.4;0.99;3.24;0.56;10.8;5
8.0;0.25;0.46;3.5;0.108;22.6;86.8;0.99;3.21;1.03;12.8;7
6.8;0.4;0.34;5.2;0.166;20.6;68.4;0.99;3.05;0.46;12.2;6
9.1;0.56;0.13;3.7;0.078;23.8;78.5;0.99;3.43;0.62;10.8;5
7.9;0.46;0.48;5.6;0.106;1.0;6.0;0.99;2.96;0.53;13.1;6
10.6;0.36;0.24;8.2;0.047;1.0;8.7;0.99;3.31;0.89;11.6;6
7.2;0.24;0.43;1.8;0.07;26.4;103.2;0.99;3.28;0.72;13.0;7
11.5;0.42;0.32;1.5;0.015;1.0;19.7;0.99;3.65;0.73;12.9;7
8.8;0.49;0.29;2.7;0.078;20.1;73.4;0.99;3.04;0.69;11.3;5
10.5;0.52;0.34;4.0;0.073;12.2;35.0;0.99;3.17;0.65;11.6;5
8.5;0.46;0.36;1.6;0.101;5.4;6.0;0.99;3.29;0.64;11.9;6
7.0;0.45;0.28;1.0;0.058;19.5;78.7;0.99;3.28;0.62;10.9;7
7.9;0.63;0.3;2.0;0.091;18.0;45.0;0.99;3.23;0.67;11.0;5
5.9;0.49;0.33;9.7;0.071;37.9;129.2;0.99;3.3;0.74;12.3;6
8.1;0.45;0.3;4.0;0.071;9.3;30.3;0.99;3.12;0.77;12.6;6
8.6;0.48;0.26;2.3;0.091;30.9;107.5;0.99;3.36;0.89;10.8;6
8.4;0.52;0.27;1.5;0.089;19.6;69.0;0.99;2.96;0.43;11.4;5
10.6;0.32;0.48;2.1;0.123;9.0;32.9;0.99;3.31;0.69;11.5;6
8.0;0.52;0.28;1.5;0.081;24.2;60.5;0.99;3.22;0.87;11.7;7
5.1;0.64;0.37;1.3;0.071;21.8;76.4;0.9909;3.46;0.64;11.3;5
14.3;0.75;0.19;6.9;0.079;16.2;34.4;0.99;3.57;0.42;11.2;5
7.1;0.64;0.22;15.5;0.053;18.7;72.8;0.99;3.26;0.62;12.2;7
9.9;0.43;0.58;1.4;0.07;9.6;28.0;0.99;3.52;0.68;12.2;5
5.7;0.45;0.33;1.1;0.182;7.2;6.0;0.99;3.26;0.73;12.0;6
8.7;0.73;0.34;2.0;0.044;23.8;75.2;0.99;3.17;0.77;11.6;6
6.9;0.55;0.31;2.5;0.074;13.5;41.5;0.99;3.57;0.57;12.5;5
4.6;0.43;0.45;1.6;0.069;15.0;64.4;0.99;3.39;0.78;12.7;7
7.8;0.4;0.29;1.9;0.075;18.8;67.8;0.99;3.31;0.56;10.9;5
8.2;0.5;0.36;1.6;0.071;18.6;68.5;0.99;3.41;0.73;10.4;6
7.9;0.74;0.14;4.7;0.1;1.0;15.3;0.99;3.35;0.66;10.2;5
8.7;0.61;0.38;4.1;0.012;29.3;101.6;0.99;3.3;0.62;12.1;6
7.8;0.49;0.23;3.5;0.136;17.1;67.4;0.99;3.11;0.81;10.5;5
8.4;0.51;0.32;2.2;0.117;13.8;55.1;0.99;3.27;0.48;10.2;5
8.6;0.3;0.14;7.0;0.029;20.4;58.5;0.99;3.4;0.74;11.2;7
8.2;0.46;0.31;9.7;0.012;18.3;78.8;0.99;3.29;0.57;10.5;5
8.0;0.29;0.06;1.5;0.041;23.9;69.4;0.99;3.45;0.88;12.1;6
6.8;0.54;0.22;1.6;0.076;21.5;84.4;0.99;3.37;0.71;10.9;5
9.3;0.63;0.11;2.9;0.208;23.4;66.7;0.99;3.18;0.64;10.3;6
7.8;0.59;0.31;1.2;0.113;30.0;111.0;0.99;3.11;0.62;11.0;5
7.7;0.55;0.32;2.4;0.012;25.1;106.5;0.99;3.29;0.94;12.0;7
9.2;0.66;0.17;3.2;0.055;14.2;47.6;0.99;3.23;0.56;10.6;5
8.7;0.5;0.39;2.8;0.084;4.1;11.8;0.99;3.36;0.47;11.9;5
7.1;0.47;0.16;2.0;0.099;33.3;122.7;0.99;3.2;0.68;10.7;5
10.4;0.48;0.0;3.0;0.025;13.4;43.6;0.99;3.22;0.68;11.9;5
6.3;0.31;0.33;9.0;0.081;10.9;56.3;0.99;3.47;0.77;11.9;6
6.5;0.55;0.07;1.6;0.053;1.0;6.0;0.99;3.33;0.72;11.7;5
9.4;0.19;0.19;3.7;0.035;19.4;64.7;0.99;3.2;0.88;10.5;6
11.3;0.61;0.2;1.1;0.099;17.4;55.5;0.99;3.31;0.48;11.1;5
7.3;0.56;0.11;1.2;0.123;1.0;6.0;0.99;3.52;0.53;11.0;5
9.0;0.53;0.23;3.0;0.127;20.6;65.8;0.99;3.35;0.77;10.3;6
6.3;0.59;0.14;1.3;0.114;10.7;33.9;0.99;3.4;0.59;12.3;6
6.7;0.57;0.27;1.1;0.064;44.0;149.1;0.99;3.2;0.5;10.3;5
10.2;0.71;0.13;1.5;0.121;9.9;28.1;0.99;3.46;0.84;10.5;5
8.9;0.68;0.22;3.1;0.102;11.3;60.5;0.99;3.66;0.44;9.8;4
10.3;0.4;0.4;4.0;0.093;6.7;13.1;0.99;3.19;0.66;12.0;6
10.1;0.46;0.36;1.6;0.058;29.2;103.7;0.99;3.13;0.69;10.2;6
4.7;0.25;0.27;3.8;0.064;12.0;47.9;0.99;3.34;0.83;11.9;6
6.3;0.39;0.18;1.5;0.09;8.3;35.4;0.99;3.44;0.51;12.2;6
8.8;0.44;0.3;3.4;0.202;23.3;81.0;0.99;3.3;0.74;11.8;6
5.4;0.53;0.21;2.3;0.101;1.4;6.0;0.99;3.15;0.61;12.0;6
6.5;0.33;0.33;3.7;0.058;22.4;82.9;0.99;3.29;0.81;12.4;7
10.7;0.43;0.08;14.3;0.048;34.5;123.4;0.99;3.4;0.56;10.2;5
7.4;0.36;0.33;7.9;0.064;21.8;73.7;0.99;3.25;0.81;12.1;5
9.5;0.49;0.25;1.0;0.189;22.5;63.1;0.99;3.4;0.56;10.6;5
8.3;0.75;0.47;6.4;0.068;25.0;82.8;0.99;3.48;0.4;10.9;5
7.1;0.51;0.41;1.2;0.13;33.8;106.8;0.99;3.35;0.62;11.1;6
5.5;0.5;0.37;8.6;0.069;28.5;93.1;0.99;3.31;0.72;12.2;7
8.7;0.46;0.24;1.8;0.099;20.5;72.1;0.99;3.43;0.76;10.6;5
10.8;0.39;0.18;2.2;0.124;25.3;92.1;0.99;3.18;0.52;11.1;5
7.2;0.43;0.34;1.2;0.06;6.6;40.9;0.99;3.17;0.53;10.0;5
8.4;0.4;0.29;1.3;0.057;24.0;78.6;0.99;3.27;0.85;12.7;7
5.7;0.35;0.37;4.2;0.165;5.4;26.6;0.99;3.24;0.51;11.5;5
7.2;0.38;0.32;8.2;0.133;12.0;45.1;0.99;3.19;0.68;11.2;6
8.9;0.49;0.29;3.4;0.124;1.0;16.5;0.99;3.58;0.63;10.6;5
9.6;0.42;0.31;4.1;0.124;20.1;76.1;0.99;3.64;0.67;11.5;5
9.2;0.2;0.22;4.6;0.109;9.1;21.8;0.99;3.26;0.68;11.2;7
4.8;0.44;0.21;1.8;0.182;27.5;79.0;0.99;3.32;0.66;11.9;7
7.5;0.69;0.08;1.1;0.089;20.0;73.1;0.99;3.28;0.58;11.1;3
6.7;0.49;0.41;1.0;0.114;27.6;91.3;0.99;3.48;0.66;11.2;7
7.8;0.37;0.19;2.1;0.019;4.5;6.0;0.99;3.51;0.56;11.7;6
8.1;0.49;0.23;1.7;0.048;26.7;80.8;0.99;3.04;0.87;12.1;7
10.1;0.7;0.3;1.2;0.031;37.9;134.3;0.99;3.38;0.7;10.9;5
8.8;0.51;0.25;1.5;0.147;23.9;98.7;0.99;3.11;0.88;11.0;6
10.7;0.42;0.24;1.3;0.012;24.1;80.3;0.99;3.57;0.78;12.4;6
7.1;0.49;0.23;7.2;0.068;17.6;67.5;0.99;3.38;0.57;10.9;6
5.9;0.48;0.02;1.4;0.012;10.4;35.4;0.9918;3.19;0.66;9.6;5
10.8;0.54;0.12;2.9;0.048;23.8;70.4;0.99;3.27;0.5;11.1;4
9.0;0.62;0.37;3.2;0.064;1.0;10.8;0.99;3.27;0.48;10.0;5
7.0;0.47;0.23;3.0;0.152;11.5;29.3;0.99;3.39;0.66;12.0;6
9.0;0.67;0.06;1.3;0.106;1.0;6.0;0.99;3.47;0.75;12.1;5
9.7;0.44;0.18;2.0;0.048;8.5;26.3;0.99;3.14;0.73;11.9;6
8.5;0.38;0.35;1.1;0.137;22.6;88.0;0.99;3.59;0.61;12.7;7
7.1;0.49;0.28;2.3;0.088;21.2;63.6;0.99;3.55;0.6;12.6;5
7.5;0.37;0.25;1.5;0.089;16.4;61.3;0.99;3.18;0.69;12.2;6
8.8;0.63;0.18;3.1;0.03;17.7;53.6;0.99;3.32;0.48;11.3;5
8.6;0.63;0.17;4.0;0.04;1.0;6.0;0.99;3.57;0.82;13.1;7
10.4;0.51;0.29;2.9;0.048;12.0;6.0;0.99;3.49;0.63;12.4;5
7.8;0.41;0.36;2.4;0.089;8.7;51.4;0.99;3.26;0.56;12.8;6
6.7;0.41;0.41;2.2;0.091;9.0;37.0;0.99;3.43;0.56;11.0;6
12.7;0.34;0.2;5.6;0.16;22.1;69.7;0.99;3.76;0.86;10.7;7
8.6;0.64;0.42;1.6;0.105;6.9;12.9;0.99;3.33;0.66;11.0;6
9.7;0.41;0.27;4.3;0.012;9.5;28.3;0.99;3.22;0.82;12.0;6
9.2;0.42;0.28;4.5;0.099;1.0;10.7;0.99;3.34;0.86;11.5;6
8.6;0.29;0.4;2.4;0.019;12.8;25.9;0.99;3.35;0.85;11.6;7
7.9;0.51;0.23;1.9;0.042;4.5;14.3;0.99;3.23;0.65;11.8;6
4.6;0.61;0.0;2.6;0.049;16.7;76.2;0.99;3.38;0.35;9.4;4
6.5;0.3;0.38;1.2;0.056;5.9;9.3;0.99;3.12;0.78;11.9;7
8.9;0.39;0.31;1.1;0.022;17.0;60.3;0.99;3.21;0.91;12.3;6
4.6;0.63;0.24;1.3;0.097;14.4;72.4;0.99;3.42;0.7;11.8;6
8.4;0.55;0.31;1.5;0.021;33.4;123.2;0.99;3.05;0.45;11.6;5
9.4;0.49;0.36;2.8;0.104;21.1;75.1;0.99;3.45;0.63;12.7;6
9.7;0.56;0.1;5.7;0.192;1.0;8.6;0.99;3.01;0.63;10.9;5
9.3;0.62;0.28;1.7;0.025;2.6;6.0;0.99;3.05;0.59;10.9;6
9.9;0.45;0.02;7.8;0.074;16.4;70.4;0.99;3.24;0.39;12.0;5
11.0;0.44;0.27;8.7;0.012;6.1;17.4;0.99;3.35;0.69;12.3;6
10.2;0.32;0.3;9.0;0.073;1.0;6.0;0.99;3.51;0.72;12.6;8
8.6;0.38;0.3;5.5;0.117;30.0;101.1;0.99;3.32;0.83;10.9;5
8.1;0.32;0.2;2.1;0.121;23.4;72.2;0.99;3.27;0.76;11.8;7
8.5;0.65;0.21;1.2;0.091;21.3;71.7;0.99;3.4;0.7;10.0;5
7.8;0.49;0.0;3.1;0.129;9.5;30.7;0.99;3.18;0.74;12.7;7
10.2;0.57;0.34;3.0;0.207;20.3;83.0;0.99;3.33;0.71;12.3;6
9.3;0.42;0.27;5.7;0.167;8.5;36.7;0.99;3.13;0.53;10.4;6
7.7;0.43;0.29;14.8;0.062;18.0;65.6;0.99;3.32;0.6;12.1;6
10.6;0.23;0.16;2.8;0.019;6.2;21.7;0.99;3.29;0.86;12.1;7
7.8;0.64;0.29;2.1;0.068;31.7;100.4;0.99;3.19;0.67;10.2;5
6.7;0.66;0.42;1.5;0.042;1.0;6.0;0.99;3.33;0.61;10.0;5
8.3;0.59;0.26;1.0;0.108;28.8;101.9;0.99;3.33;0.75;11.7;6
6.9;0.64;0.35;2.8;0.031;16.3;65.0;0.99;3.49;0.75;11.1;6
9.9;0.52;0.19;3.0;0.084;10.8;36.7;0.99;3.07;0.9;12.9;6
6.9;0.64;0.27;5.4;0.126;17.6;56.3;0.99;3.3;0.72;12.2;6
8.1;0.53;0.1;2.8;0.082;23.5;86.9;0.99;3.2;0.54;11.4;5
9.9;0.3;0.36;7.2;0.043;30.2;104.9;0.99;3.44;0.69;11.8;6
7.1;0.64;0.27;3.5;0.142;19.1;83.7;0.99;3.42;0.71;12.1;5
9.0;0.3;0.16;5.6;0.012;6.6;35.4;0.99;3.39;0.8;12.1;6
6.6;0.71;0.11;1.4;0.072;16.5;67.3;0.99;3.2;0.39;10.6;3
8.7;0.65;0.26;5.8;0.085;34.9;129.7;0.9911;3.44;0.68;10.2;5
9.3;0.58;0.34;3.8;0.088;30.0;92.1;0.99;3.08;0.56;13.4;5
8.2;0.78;0.4;1.5;0.095;25.4;95.5;0.99;3.05;0.59;10.1;5
8.4;0.28;0.27;1.5;0.116;24.2;88.5;0.99;3.12;0.78;11.1;6
9.1;0.54;0.11;7.5;0.085;23.2;87.3;0.99;3.3;0.72;9.7;5
7.8;0.55;0.27;1.1;0.07;28.0;102.9;0.99;3.41;0.58;11.4;5
9.8;0.42;0.43;2.6;0.068;11.1;43.4;0.9902;2.86;0.63;11.1;5
10.6;0.43;0.09;1.9;0.058;1.7;33.0;0.99;3.51;0.6;11.6;5
6.7;0.47;0.15;3.7;0.124;16.6;57.3;0.99;3.33;0.94;9.6;5
11.3;0.44;0.31;5.6;0.057;7.3;34.9;0.99;3.07;0.68;11.9;5
7.8;0.47;0.3;2.1;0.127;4.8;12.1;0.99;3.33;0.62;10.8;6
11.7;0.42;0.23;2.4;0.088;8.3;37.0;0.99;3.47;0.83;11.3;6
7.8;0.51;0.3;11.0;0.063;41.9;156.0;0.99;3.4;0.84;12.1;6
9.5;0.61;0.35;4.8;0.116;17.3;64.2;0.99;3.47;0.83;11.2;5
9.5;0.61;0.24;6.7;0.053;19.7;85.6;0.99;3.11;0.86;11.3;5
7.6;0.44;0.26;2.4;0.117;3.1;6.0;0.99;3.25;0.77;12.0;6
8.4;0.51;0.34;1.7;0.097;1.0;6.0;0.99;3.17;0.67;11.7;6
10.7;0.58;0.25;2.3;0.059;7.3;27.7;0.99;3.57;0.68;11.1;6
7.8;0.66;0.33;4.1;0.112;30.9;117.0;0.99;3.41;0.57;10.5;4
7.6;0.74;0.45;1.3;0.113;19.4;69.7;0.99;3.74;0.61;11.2;5
6.3;0.65;0.16;1.8;0.141;22.1;90.2;0.99;3.24;0.77;10.3;5
11.0;0.72;0.12;1.1;0.132;23.6;76.0;0.99;3.2;0.65;11.8;5
7.5;0.23;0.32;2.4;0.11;9.7;22.5;0.99;3.29;0.8;11.6;6
10.3;0.49;0.15;5.4;0.034;30.4;109.5;0.99;3.52;0.77;11.5;6
7.3;0.45;0.15;1.1;0.202;9.3;31.8;0.99;3.26;0.59;12.4;6
10.3;0.47;0.08;3.8;0.021;30.6;112.5;0.99;3.33;0.53;11.3;6
9.7;0.4;0.24;7.7;0.132;20.5;71.5;0.99;3.32;0.58;11.3;6
7.9;0.52;0.28;1.7;0.107;1.0;6.0;0.99;3.32;0.66;11.0;6
7.1;0.23;0.26;4.0;0.032;8.0;27.3;0.99;3.21;0.76;12.1;7
7.2;0.66;0.36;10.2;0.081;1.0;6.0;0.99;3.29;0.54;10.8;4
7.2;0.47;0.38;9.2;0.083;28.0;95.0;0.9906;3.28;0.72;10.5;5
10.1;0.57;0.41;1.7;0.148;15.6;52.6;0.99;3.31;0.55;10.5;4
8.6;0.52;0.28;1.3;0.053;1.0;6.0;0.99;3.45;0.73;10.9;6
6.4;0.42;0.43;1.4;0.075;19.8;77.9;0.99;3.57;0.76;11.2;7
7.9;0.66;0.28;4.0;0.012;10.3;38.0;0.99;3.18;0.82;9.6;5
8.1;0.31;0.33;4.2;0.169;1.0;26.1;0.99;3.25;0.65;11.6;7
4.7;0.54;0.2;3.8;0.037;33.4;118.5;0.99;3.19;0.87;9.6;5
8.0;0.5;0.08;2.0;0.102;17.0;54.0;0.99;3.34;0.69;11.4;7
9.5;0.59;0.31;1.5;0.082;12.8;71.5;0.99;3.23;0.52;10.5;5
8.1;0.59;0.37;3.2;0.082;11.7;45.1;0.99;3.35;0.63;11.8;5
8.7;0.59;0.13;2.7;0.125;1.0;13.4;0.99;3.48;1.02;10.6;6
9.1;0.51;0.25;4.3;0.166;2.2;13.6;0.99;2.93;0.74;10.4;5
7.7;0.49;0.35;2.5;0.099;29.3;108.8;0.99;3.38;0.71;10.7;5
9.5;0.61;0.21;2.0;0.118;10.9;43.5;0.99;3.24;0.73;10.5;5
10.8;0.47;0.4;1.9;0.102;16.1;45.3;0.99;3.38;0.62;12.5;6
5.7;0.59;0.27;1.6;0.135;1.0;7.2;0.99;3.18;0.73;10.5;6
7.7;0.59;0.2;1.8;0.065;2.1;6.0;0.99;3.49;0.65;10.7;5
12.3;0.42;0.41;1.2;0.138;22.2;76.0;0.99;3.45;0.88;11.7;6
8.6;0.51;0.19;2.1;0.139;19.8;62.0;0.99;3.4;0.69;12.1;6
8.2;0.46;0.18;1.1;0.138;34.2;123.3;0.99;3.43;0.61;10.7;5
7.9;0.64;0.16;1.5;0.056;29.9;108.0;0.991;3.2;0.53;9.5;5
10.5;0.41;0.14;4.4;0.079;13.5;52.1;0.99;3.22;0.66;10.9;5
6.7;0.67;0.27;2.0;0.098;20.8;75.7;0.99;3.42;0.68;12.1;5
9.9;0.51;0.23;3.8;0.023;12.6;38.0;0.99;3.19;0.58;11.6;6
7.8;0.53;0.3;4.2;0.162;37.4;128.3;0.99;3.53;0.7;11.2;5
7.0;0.56;0.11;3.2;0.086;27.9;106.9;0.99;3.26;0.72;10.5;6
7.9;0.53;0.17;9.0;0.1;17.6;72.3;0.99;3.39;0.8;10.5;6
8.2;0.68;0.26;1.1;0.06;18.0;51.5;0.99;3.62;0.77;11.0;5
7.5;0.61;0.43;4.4;0.025;31.0;93.2;0.99;3.2;0.71;10.3;6
10.2;0.59;0.29;9.0;0.059;21.9;69.4;0.99;3.32;0.55;11.6;5
7.0;0.32;0.25;6.0;0.097;32.2;123.2;0.99;3.47;0.67;11.1;7
8.5;0.43;0.13;1.5;0.119;1.0;15.6;0.99;3.45;0.88;11.4;6
9.2;0.47;0.22;2.0;0.095;20.7;63.2;0.99;3.26;0.72;9.9;6
8.5;0.59;0.28;1.5;0.103;10.5;39.8;0.99;3.23;0.87;11.1;6
9.6;0.5;0.01;3.3;0.071;34.2;138.0;0.99;3.28;0.7;10.1;5
7.6;0.44;0.16;4.1;0.11;32.0;116.2;0.99;3.53;0.78;9.5;6
9.4;0.59;0.24;2.0;0.157;16.2;70.9;0.99;3.27;0.84;12.2;7
9.4;0.47;0.25;2.9;0.12;31.9;121.6;0.99;3.32;0.58;12.7;6
9.9;0.42;0.27;3.9;0.125;34.5;111.6;0.99;3.25;0.73;12.3;6
5.1;0.49;0.25;2.4;0.101;16.6;56.2;0.99;3.42;0.63;12.3;7
9.2;0.54;0.3;5.8;0.016;41.7;146.3;0.99;3.33;0.62;10.7;5
9.8;0.41;0.26;4.7;0.038;15.5;55.3;0.99;3.16;0.71;11.6;5
7.6;0.58;0.24;1.2;0.108;13.6;56.8;0.99;3.16;0.6;12.4;6
7.4;0.48;0.31;3.4;0.086;24.9;91.2;0.99;3.01;0.71;11.1;5
7.1;0.48;0.34;1.7;0.108;12.2;13.3;0.99;3.19;0.55;10.5;6
6.5;0.4;0.16;3.0;0.166;16.8;45.7;0.99;3.43;0.86;11.4;7
9.4;0.57;0.25;8.9;0.121;30.6;85.2;0.99;3.51;0.58;12.4;5
12.2;0.33;0.34;6.3;0.146;16.1;58.1;0.99;3.41;0.55;10.9;5
7.4;0.45;0.39;2.3;0.091;1.0;6.0;0.9911;3.39;0.56;8.7;6
7.5;0.66;0.29;1.9;0.049;19.7;71.8;0.99;3.29;0.59;9.8;5
8.3;0.61;0.26;1.7;0.084;8.6;20.5;0.99;3.43;0.51;11.1;6
5.6;0.45;0.29;2.9;0.049;24.9;93.9;0.99;3.35;0.6;11.8;5
7.1;0.57;0.36;1.3;0.16;23.2;88.4;0.99;3.58;0.81;11.2;6
8.2;0.47;0.26;3.0;0.124;31.3;97.0;0.99;3.3;0.63;11.8;5
6.8;0.44;0.3;1.0;0.111;25.4;74.2;0.99;3.51;0.58;11.0;6
10.3;0.52;0.23;2.0;0.145;27.3;95.5;0.9914;3.44;0.67;9.4;5
6.1;0.49;0.15;1.6;0.012;8.9;49.1;0.99;3.42;0.71;11.0;6
9.8;0.65;0.23;9.9;0.115;24.3;102.0;0.99;3.01;0.85;11.3;5
10.8;0.51;0.21;4.2;0.025;36.5;133.4;0.99;3.45;0.78;11.6;6
8.9;0.47;0.21;2.1;0.087;8.7;23.2;0.99;3.29;0.73;10.4;6
8.1;0.65;0.39;1.2;0.072;34.7;130.3;0.99;3.24;0.74;10.7;5
8.7;0.47;0.35;2.8;0.118;10.1;30.8;0.99;3.09;0.64;13.1;5
7.6;0.61;0.05;1.6;0.098;7.0;16.8;0.99;3.31;0.59;9.6;4
4.8;0.58;0.17;2.9;0.15;19.0;45.1;0.99;3.32;0.87;11.9;6
6.6;0.53;0.24;5.5;0.059;23.4;82.9;0.99;3.11;0.54;9.7;6
8.3;0.43;0.22;3.4;0.12;25.4;82.6;0.99;3.09;0.8;12.1;6
6.7;0.4;0.28;3.5;0.095;5.8;21.3;0.99;3.38;0.64;10.3;5
7.6;0.58;0.13;2.9;0.012;20.4;48.4;0.99;3.44;0.62;11.3;5
9.1;0.32;0.38;7.6;0.044;8.7;32.1;0.99;3.34;0.64;10.4;6
8.5;0.46;0.28;7.7;0.08;1.0;6.0;0.99;3.48;0.72;11.6;6
10.1;0.53;0.28;2.8;0.139;6.2;32.6;0.99;3.3;0.75;11.1;7
8.8;0.61;0.25;1.9;0.109;8.0;33.2;0.99;3.3;0.61;10.4;5
8.9;0.28;0.24;2.5;0.032;21.3;71.8;0.99;3.17;0.63;11.8;6
7.1;0.57;0.05;1.5;0.08;27.9;103.3;0.99;3.08;0.46;10.7;5
6.0;0.52;0.25;3.5;0.182;1.0;6.0;0.99;3.59;0.58;11.3;5
7.6;0.35;0.25;2.7;0.092;19.6;69.3;0.99;3.48;0.65;11.2;6
7.1;0.51;0.18;1.3;0.072;3.6;20.5;0.99;3.1;0.72;11.5;6
8.0;0.29;0.45;1.6;0.11;22.5;47.8;0.99;3.33;1.0;12.6;8
6.5;0.5;0.32;2.6;0.123;9.4;28.4;0.99;3.29;0.59;10.7;5
9.7;0.56;0.49;6.5;0.066;4.9;16.9;0.9928;3.27;0.55;10.2;5
7.1;0.42;0.36;3.1;0.111;24.2;82.7;0.99;3.25;0.63;11.0;6
7.7;0.49;0.22;3.9;0.072;9.7;48.5;0.99;3.37;0.72;12.4;6
8.3;0.49;0.16;2.0;0.121;12.6;32.9;0.99;3.43;0.71;11.1;5
10.2;0.5;0.2;3.1;0.095;1.0;6.0;0.99;3.37;0.72;10.3;5
11.3;0.65;0.18;2.5;0.11;25.8;71.1;0.99;3.29;0.73;11.3;5
